playerDeck,opponentDeck,muWin,muGames,muWR
Ahri/Lulu (IO/PZ),Ahri/Lulu (IO/PZ),11,22,0.5
Ahri/Lulu (IO/PZ),Akshan/Gnar,15,22,0.681818181818182
Ahri/Lulu (IO/PZ),Akshan/Renekton (BC/SH),6,15,0.4
Ahri/Lulu (IO/PZ),Akshan/Sivir (DE/SH),17,28,0.607142857142857
Ahri/Lulu (IO/PZ),BandleTree,26,53,0.490566037735849
Ahri/Lulu (IO/PZ),Darius/Gnar (FR/NX),6,12,0.5
Ahri/Lulu (IO/PZ),Draven/Rumble (NX/PZ),14,17,0.823529411764706
Ahri/Lulu (IO/PZ),Fizz/Lulu (BC/PZ),5,11,0.454545454545455
Ahri/Lulu (IO/PZ),Fizz/Riven (BC/NX),17,35,0.485714285714286
Ahri/Lulu (IO/PZ),Gnar/Sejuani,5,20,0.25
Ahri/Lulu (IO/PZ),Gnar/Swain,14,24,0.583333333333333
Ahri/Lulu (IO/PZ),Gnar/Teemo/Tristana (BC/DE),5,16,0.3125
Ahri/Lulu (IO/PZ),Gnar/Trundle (FR/PZ),32,68,0.470588235294118
Ahri/Lulu (IO/PZ),Gnar/Ziggs (BC/NX),9,16,0.5625
Ahri/Lulu (IO/PZ),Miss Fortune/Quinn,22,62,0.354838709677419
Ahri/Lulu (IO/PZ),Nami/Twisted Fate (BW/PZ),7,11,0.636363636363636
Ahri/Lulu (IO/PZ),Pantheon/Yuumi (DE/MT),9,19,0.473684210526316
Ahri/Lulu (IO/PZ),Pyke/Rek'Sai,31,55,0.563636363636364
Ahri/Lulu (IO/PZ),Senna/Veigar,18,38,0.473684210526316
Akshan/Gnar,Ahri/Lulu (IO/PZ),7,22,0.318181818181818
Akshan/Gnar,Akshan/Gnar,24,48,0.5
Akshan/Gnar,Akshan/Renekton (BC/SH),15,33,0.454545454545455
Akshan/Gnar,Akshan/Sivir (DE/SH),17,41,0.414634146341463
Akshan/Gnar,BandleTree,50,91,0.54945054945055
Akshan/Gnar,Darius/Gnar (FR/NX),4,22,0.181818181818182
Akshan/Gnar,Draven/Ezreal,4,12,0.333333333333333
Akshan/Gnar,Draven/Rumble (NX/PZ),7,23,0.304347826086957
Akshan/Gnar,Draven/Sion (NX/PZ),5,11,0.454545454545455
Akshan/Gnar,Elise (NX/SI),6,11,0.545454545454545
Akshan/Gnar,Ezreal/Gnar,7,13,0.538461538461538
Akshan/Gnar,Fizz/Gnar (BC/PZ),24,42,0.571428571428571
Akshan/Gnar,Fizz/Gnar (BW/FR),9,13,0.692307692307692
Akshan/Gnar,Fizz/Lulu (BC/PZ),11,15,0.733333333333333
Akshan/Gnar,Fizz/Riven (BC/NX),18,34,0.529411764705882
Akshan/Gnar,Galio/Shen,4,10,0.4
Akshan/Gnar,Gangplank/Sejuani,7,17,0.411764705882353
Akshan/Gnar,Gnar/Sejuani,9,34,0.264705882352941
Akshan/Gnar,Gnar/Swain,20,43,0.465116279069768
Akshan/Gnar,Gnar/Teemo/Tristana (BC/DE),31,57,0.543859649122807
Akshan/Gnar,Gnar/Trundle (FR/PZ),56,122,0.459016393442623
Akshan/Gnar,Gnar/Ziggs (BC/NX),17,31,0.548387096774194
Akshan/Gnar,Jayce/Lux,14,19,0.736842105263158
Akshan/Gnar,Lee Sin/Zoe,12,22,0.545454545454545
Akshan/Gnar,Miss Fortune/Quinn,44,94,0.468085106382979
Akshan/Gnar,Nami/Twisted Fate (BW/PZ),7,13,0.538461538461538
Akshan/Gnar,Pantheon/Taric (DE/MT),7,17,0.411764705882353
Akshan/Gnar,Pantheon/Taric/Yuumi (DE/MT),4,10,0.4
Akshan/Gnar,Pantheon/Yuumi (DE/MT),29,53,0.547169811320755
Akshan/Gnar,Pyke/Rek'Sai,81,129,0.627906976744186
Akshan/Gnar,Senna/Veigar,46,88,0.522727272727273
Akshan/Gnar,Taliyah/Ziggs,10,14,0.714285714285714
Akshan/Renekton (BC/SH),Ahri/Lulu (IO/PZ),9,15,0.6
Akshan/Renekton (BC/SH),Akshan/Gnar,18,33,0.545454545454545
Akshan/Renekton (BC/SH),Akshan/Renekton (BC/SH),7,14,0.5
Akshan/Renekton (BC/SH),Akshan/Sivir (DE/SH),7,20,0.35
Akshan/Renekton (BC/SH),BandleTree,19,42,0.452380952380952
Akshan/Renekton (BC/SH),Draven/Ezreal,5,12,0.416666666666667
Akshan/Renekton (BC/SH),Ezreal/Gnar,1,10,0.1
Akshan/Renekton (BC/SH),Fizz/Gnar (BW/FR),13,20,0.65
Akshan/Renekton (BC/SH),Galio/Shen,9,20,0.45
Akshan/Renekton (BC/SH),Gangplank/Sejuani,3,18,0.166666666666667
Akshan/Renekton (BC/SH),Gnar/Sejuani,13,39,0.333333333333333
Akshan/Renekton (BC/SH),Gnar/Teemo/Tristana (BC/DE),16,30,0.533333333333333
Akshan/Renekton (BC/SH),Gnar/Trundle (FR/PZ),22,43,0.511627906976744
Akshan/Renekton (BC/SH),Gnar/Ziggs (BC/NX),4,14,0.285714285714286
Akshan/Renekton (BC/SH),Jayce/Lux,8,12,0.666666666666667
Akshan/Renekton (BC/SH),Miss Fortune/Quinn,17,27,0.62962962962963
Akshan/Renekton (BC/SH),Pantheon/Yuumi (DE/MT),9,21,0.428571428571429
Akshan/Renekton (BC/SH),Pyke/Rek'Sai,19,50,0.38
Akshan/Renekton (BC/SH),Senna/Veigar,16,27,0.592592592592593
Akshan/Renekton (BC/SH),Taliyah/Ziggs,6,11,0.545454545454545
Akshan/Sivir (DE/SH),Ahri/Lulu (IO/PZ),11,28,0.392857142857143
Akshan/Sivir (DE/SH),Akshan/Gnar,24,41,0.585365853658537
Akshan/Sivir (DE/SH),Akshan/Renekton (BC/SH),13,20,0.65
Akshan/Sivir (DE/SH),Akshan/Sivir (DE/SH),33,66,0.5
Akshan/Sivir (DE/SH),Aphelios/Lux/Zoe,10,12,0.833333333333333
Akshan/Sivir (DE/SH),BandleTree,55,92,0.597826086956522
Akshan/Sivir (DE/SH),Caitlyn/Ezreal (NX/PZ),11,23,0.478260869565217
Akshan/Sivir (DE/SH),Draven/Ezreal,6,10,0.6
Akshan/Sivir (DE/SH),Draven/Rumble (NX/PZ),21,31,0.67741935483871
Akshan/Sivir (DE/SH),Ekko/Zilean,8,15,0.533333333333333
Akshan/Sivir (DE/SH),Elise/Kindred/Vi,9,11,0.818181818181818
Akshan/Sivir (DE/SH),Ezreal/Gnar,12,20,0.6
Akshan/Sivir (DE/SH),Fizz/Gnar (BC/PZ),5,11,0.454545454545455
Akshan/Sivir (DE/SH),Fizz/Lulu (BC/PZ),6,15,0.4
Akshan/Sivir (DE/SH),Fizz/Riven (BC/NX),12,23,0.521739130434783
Akshan/Sivir (DE/SH),Gangplank/Sejuani,9,15,0.6
Akshan/Sivir (DE/SH),Gnar/Sejuani,7,24,0.291666666666667
Akshan/Sivir (DE/SH),Gnar/Swain,16,32,0.5
Akshan/Sivir (DE/SH),Gnar/Teemo/Tristana (BC/DE),33,57,0.578947368421053
Akshan/Sivir (DE/SH),Gnar/Trundle (FR/PZ),44,85,0.517647058823529
Akshan/Sivir (DE/SH),Gnar/Ziggs (BC/NX),17,24,0.708333333333333
Akshan/Sivir (DE/SH),Jayce/Lux,7,14,0.5
Akshan/Sivir (DE/SH),Lee Sin/Zoe,14,23,0.608695652173913
Akshan/Sivir (DE/SH),Miss Fortune/Quinn,39,74,0.527027027027027
Akshan/Sivir (DE/SH),Nami/Twisted Fate (BW/PZ),12,21,0.571428571428571
Akshan/Sivir (DE/SH),Pantheon/Taric (DE/MT),6,10,0.6
Akshan/Sivir (DE/SH),Pantheon/Taric/Yuumi (DE/MT),13,19,0.68421052631579
Akshan/Sivir (DE/SH),Pantheon/Yuumi (DE/MT),36,85,0.423529411764706
Akshan/Sivir (DE/SH),Pyke/Rek'Sai,53,110,0.481818181818182
Akshan/Sivir (DE/SH),Senna/Veigar,64,113,0.566371681415929
Akshan/Sivir (DE/SH),Taliyah/Ziggs,11,16,0.6875
Akshan/Zilean (PZ/SH),Gnar/Trundle (FR/PZ),4,12,0.333333333333333
Anivia (FR/SI),BandleTree,0,10,0
Anivia (FR/SI),Gnar/Trundle (FR/PZ),7,17,0.411764705882353
Anivia (FR/SI),Gnar/Ziggs (BC/NX),7,13,0.538461538461538
Anivia (FR/SI),Miss Fortune/Quinn,4,14,0.285714285714286
Anivia (FR/SI),Pantheon/Yuumi (DE/MT),4,15,0.266666666666667
Anivia (FR/SI),Pyke/Rek'Sai,6,11,0.545454545454545
Anivia (FR/SI),Senna/Veigar,11,19,0.578947368421053
Aphelios/Lux/Zoe,Akshan/Sivir (DE/SH),2,12,0.166666666666667
Aphelios/Lux/Zoe,BandleTree,8,15,0.533333333333333
Aphelios/Lux/Zoe,Gnar/Teemo/Tristana (BC/DE),8,16,0.5
Aphelios/Lux/Zoe,Gnar/Trundle (FR/PZ),9,28,0.321428571428571
Aphelios/Lux/Zoe,Miss Fortune/Quinn,16,25,0.64
Aphelios/Lux/Zoe,Pantheon/Yuumi (DE/MT),5,19,0.263157894736842
Aphelios/Lux/Zoe,Pyke/Rek'Sai,12,20,0.6
Aphelios/Lux/Zoe,Senna/Veigar,8,29,0.275862068965517
Aurelion Sol/Thresh,BandleTree,4,11,0.363636363636364
Aurelion Sol/Thresh,Gnar/Teemo/Tristana (BC/DE),6,12,0.5
Aurelion Sol/Thresh,Gnar/Trundle (FR/PZ),1,11,0.0909090909090909
BandleTree,Ahri/Lulu (IO/PZ),27,53,0.509433962264151
BandleTree,Akshan/Gnar,41,91,0.450549450549451
BandleTree,Akshan/Renekton (BC/SH),23,42,0.547619047619048
BandleTree,Akshan/Sivir (DE/SH),37,92,0.402173913043478
BandleTree,Anivia (FR/SI),10,10,1
BandleTree,Aphelios/Lux/Zoe,7,15,0.466666666666667
BandleTree,Aurelion Sol/Thresh,7,11,0.636363636363636
BandleTree,BandleTree,87,186,0.467741935483871
BandleTree,Braum/Galio,9,13,0.692307692307692
BandleTree,Caitlyn/Ezreal (NX/PZ),14,29,0.482758620689655
BandleTree,Darius/Gnar (FR/NX),15,31,0.483870967741936
BandleTree,Diana/Nocturne,7,18,0.388888888888889
BandleTree,Draven/Ezreal,7,19,0.368421052631579
BandleTree,Draven/Rumble (NX/PZ),21,54,0.388888888888889
BandleTree,Draven/Sion (NX/PZ),3,10,0.3
BandleTree,Draven/Sion/Vi,7,20,0.35
BandleTree,Ekko/Zilean,12,26,0.461538461538462
BandleTree,Elise/Kindred/Vi,5,13,0.384615384615385
BandleTree,Ezreal/Gnar,10,16,0.625
BandleTree,Fizz/Gnar (BC/PZ),27,57,0.473684210526316
BandleTree,Fizz/Gnar (BW/FR),7,18,0.388888888888889
BandleTree,Fizz/Lulu (BC/PZ),17,43,0.395348837209302
BandleTree,Fizz/Riven (BC/NX),25,53,0.471698113207547
BandleTree,Fizz/Tristana/Yuumi (BC/PZ),6,12,0.5
BandleTree,Fizz/Yuumi (BC/FR),6,14,0.428571428571429
BandleTree,Galio/Gnar (DE/FR),14,21,0.666666666666667
BandleTree,Galio/Shen,19,20,0.95
BandleTree,Gangplank/Gnar,8,12,0.666666666666667
BandleTree,Gangplank/Sejuani,23,45,0.511111111111111
BandleTree,Gnar/Heimerdinger,5,16,0.3125
BandleTree,Gnar/Sejuani,39,70,0.557142857142857
BandleTree,Gnar/Sejuani (FR/PZ),3,11,0.272727272727273
BandleTree,Gnar/Swain,45,97,0.463917525773196
BandleTree,Gnar/Teemo/Tristana (BC/DE),44,122,0.360655737704918
BandleTree,Gnar/Trundle (FR/PZ),79,213,0.370892018779343
BandleTree,Gnar/Yuumi (BC/DE),7,11,0.636363636363636
BandleTree,Gnar/Ziggs (BC/NX),37,66,0.560606060606061
BandleTree,Jayce/Lux,13,31,0.419354838709677
BandleTree,Lee Sin/Zoe,22,39,0.564102564102564
BandleTree,Lucian/Zed,4,14,0.285714285714286
BandleTree,Miss Fortune/Quinn,74,200,0.37
BandleTree,Nami/Twisted Fate (BW/PZ),10,40,0.25
BandleTree,Pantheon/Taric (DE/MT),20,40,0.5
BandleTree,Pantheon/Taric/Yuumi (DE/MT),14,24,0.583333333333333
BandleTree,Pantheon/Yuumi (DE/MT),74,147,0.503401360544218
BandleTree,Pyke/Rek'Sai,133,242,0.549586776859504
BandleTree,Senna/Veigar,170,241,0.705394190871369
BandleTree,Taliyah/Ziggs,13,21,0.619047619047619
BandleTree,Teemo/Tristana/Yuumi,3,11,0.272727272727273
BandleTree,Trundle/Tryndamere (FR/SI),14,22,0.636363636363636
BandleTree,Yuumi (BC/DE),5,17,0.294117647058824
Braum/Galio,BandleTree,4,13,0.307692307692308
Braum/Galio,Gnar/Trundle (FR/PZ),4,15,0.266666666666667
Braum/Galio,Gnar/Ziggs (BC/NX),6,11,0.545454545454545
Braum/Galio,Miss Fortune/Quinn,9,12,0.75
Braum/Galio,Pantheon/Yuumi (DE/MT),2,10,0.2
Braum/Galio,Pyke/Rek'Sai,8,25,0.32
Braum/Galio,Senna/Veigar,6,17,0.352941176470588
Caitlyn/Draven,Pyke/Rek'Sai,6,10,0.6
Caitlyn/Ezreal (NX/PZ),Akshan/Sivir (DE/SH),12,23,0.521739130434783
Caitlyn/Ezreal (NX/PZ),BandleTree,15,29,0.517241379310345
Caitlyn/Ezreal (NX/PZ),Caitlyn/Ezreal (NX/PZ),7,14,0.5
Caitlyn/Ezreal (NX/PZ),Gnar/Swain,9,12,0.75
Caitlyn/Ezreal (NX/PZ),Gnar/Teemo/Tristana (BC/DE),8,24,0.333333333333333
Caitlyn/Ezreal (NX/PZ),Gnar/Trundle (FR/PZ),10,25,0.4
Caitlyn/Ezreal (NX/PZ),Gnar/Ziggs (BC/NX),15,17,0.882352941176471
Caitlyn/Ezreal (NX/PZ),Miss Fortune/Quinn,10,21,0.476190476190476
Caitlyn/Ezreal (NX/PZ),Pantheon/Yuumi (DE/MT),22,39,0.564102564102564
Caitlyn/Ezreal (NX/PZ),Pyke/Rek'Sai,15,30,0.5
Caitlyn/Ezreal (NX/PZ),Senna/Veigar,26,48,0.541666666666667
Caitlyn/Senna,Gnar/Trundle (FR/PZ),6,23,0.260869565217391
Caitlyn/Senna,Gnar/Ziggs (BC/NX),10,11,0.909090909090909
Caitlyn/Senna,Miss Fortune/Quinn,3,17,0.176470588235294
Caitlyn/Senna,Pyke/Rek'Sai,10,21,0.476190476190476
Caitlyn/Senna,Senna/Veigar,7,14,0.5
Caitlyn/Teemo (BC/PZ),Gnar/Trundle (FR/PZ),7,13,0.538461538461538
Caitlyn/Teemo (BC/PZ),Miss Fortune/Quinn,2,11,0.181818181818182
Caitlyn/Teemo (BC/PZ),Pyke/Rek'Sai,3,10,0.3
Darius/Gnar (FR/NX),Ahri/Lulu (IO/PZ),6,12,0.5
Darius/Gnar (FR/NX),Akshan/Gnar,18,22,0.818181818181818
Darius/Gnar (FR/NX),BandleTree,16,31,0.516129032258065
Darius/Gnar (FR/NX),Darius/Gnar (FR/NX),6,12,0.5
Darius/Gnar (FR/NX),Draven/Rumble (NX/PZ),5,13,0.384615384615385
Darius/Gnar (FR/NX),Fizz/Riven (BC/NX),4,15,0.266666666666667
Darius/Gnar (FR/NX),Gnar/Swain,8,16,0.5
Darius/Gnar (FR/NX),Gnar/Teemo/Tristana (BC/DE),10,19,0.526315789473684
Darius/Gnar (FR/NX),Gnar/Trundle (FR/PZ),25,44,0.568181818181818
Darius/Gnar (FR/NX),Miss Fortune/Quinn,14,35,0.4
Darius/Gnar (FR/NX),Pantheon/Yuumi (DE/MT),7,14,0.5
Darius/Gnar (FR/NX),Pyke/Rek'Sai,13,29,0.448275862068966
Darius/Gnar (FR/NX),Senna/Veigar,15,31,0.483870967741936
Diana/Nocturne,BandleTree,11,18,0.611111111111111
Diana/Nocturne,Gnar/Trundle (FR/PZ),6,17,0.352941176470588
Diana/Nocturne,Miss Fortune/Quinn,7,12,0.583333333333333
Diana/Nocturne,Pantheon/Yuumi (DE/MT),8,13,0.615384615384615
Diana/Nocturne,Pyke/Rek'Sai,4,11,0.363636363636364
Diana/Nocturne,Senna/Veigar,4,12,0.333333333333333
Dragons (DE/MT),Senna/Veigar,5,10,0.5
Draven/Ezreal,Akshan/Gnar,8,12,0.666666666666667
Draven/Ezreal,Akshan/Renekton (BC/SH),7,12,0.583333333333333
Draven/Ezreal,Akshan/Sivir (DE/SH),4,10,0.4
Draven/Ezreal,BandleTree,12,19,0.631578947368421
Draven/Ezreal,Gnar/Sejuani,8,14,0.571428571428571
Draven/Ezreal,Gnar/Teemo/Tristana (BC/DE),5,12,0.416666666666667
Draven/Ezreal,Gnar/Trundle (FR/PZ),7,21,0.333333333333333
Draven/Ezreal,Miss Fortune/Quinn,9,19,0.473684210526316
Draven/Ezreal,Pantheon/Yuumi (DE/MT),6,11,0.545454545454545
Draven/Ezreal,Pyke/Rek'Sai,17,36,0.472222222222222
Draven/Ezreal,Senna/Veigar,9,29,0.310344827586207
Draven/Jinx,Gnar/Teemo/Tristana (BC/DE),6,10,0.6
Draven/Jinx,Gnar/Trundle (FR/PZ),5,10,0.5
Draven/Jinx,Miss Fortune/Quinn,7,14,0.5
Draven/Jinx,Pantheon/Yuumi (DE/MT),7,11,0.636363636363636
Draven/Rumble (NX/PZ),Ahri/Lulu (IO/PZ),3,17,0.176470588235294
Draven/Rumble (NX/PZ),Akshan/Gnar,16,23,0.695652173913044
Draven/Rumble (NX/PZ),Akshan/Sivir (DE/SH),10,31,0.32258064516129
Draven/Rumble (NX/PZ),BandleTree,33,54,0.611111111111111
Draven/Rumble (NX/PZ),Darius/Gnar (FR/NX),8,13,0.615384615384615
Draven/Rumble (NX/PZ),Draven/Rumble (NX/PZ),12,24,0.5
Draven/Rumble (NX/PZ),Ekko/Zilean,6,14,0.428571428571429
Draven/Rumble (NX/PZ),Elise/Kindred/Vi,4,10,0.4
Draven/Rumble (NX/PZ),Fizz/Lulu (BC/PZ),5,13,0.384615384615385
Draven/Rumble (NX/PZ),Fizz/Riven (BC/NX),9,20,0.45
Draven/Rumble (NX/PZ),Gangplank/Sejuani,9,12,0.75
Draven/Rumble (NX/PZ),Gnar/Sejuani,10,23,0.434782608695652
Draven/Rumble (NX/PZ),Gnar/Teemo/Tristana (BC/DE),25,45,0.555555555555556
Draven/Rumble (NX/PZ),Gnar/Trundle (FR/PZ),34,64,0.53125
Draven/Rumble (NX/PZ),Gnar/Ziggs (BC/NX),10,20,0.5
Draven/Rumble (NX/PZ),Jayce/Lux,8,12,0.666666666666667
Draven/Rumble (NX/PZ),Lee Sin/Zoe,7,10,0.7
Draven/Rumble (NX/PZ),Miss Fortune/Quinn,34,66,0.515151515151515
Draven/Rumble (NX/PZ),Nami/Twisted Fate (BW/PZ),7,13,0.538461538461538
Draven/Rumble (NX/PZ),Pantheon/Taric (DE/MT),8,18,0.444444444444444
Draven/Rumble (NX/PZ),Pantheon/Taric/Yuumi (DE/MT),5,11,0.454545454545455
Draven/Rumble (NX/PZ),Pantheon/Yuumi (DE/MT),32,57,0.56140350877193
Draven/Rumble (NX/PZ),Pyke/Rek'Sai,51,79,0.645569620253165
Draven/Rumble (NX/PZ),Senna/Veigar,23,65,0.353846153846154
Draven/Sion (NX/PZ),Akshan/Gnar,6,11,0.545454545454545
Draven/Sion (NX/PZ),BandleTree,7,10,0.7
Draven/Sion (NX/PZ),Gnar/Teemo/Tristana (BC/DE),4,11,0.363636363636364
Draven/Sion (NX/PZ),Gnar/Trundle (FR/PZ),7,15,0.466666666666667
Draven/Sion (NX/PZ),Miss Fortune/Quinn,5,23,0.217391304347826
Draven/Sion (NX/PZ),Pantheon/Yuumi (DE/MT),5,10,0.5
Draven/Sion (NX/PZ),Pyke/Rek'Sai,8,14,0.571428571428571
Draven/Sion (NX/PZ),Senna/Veigar,6,11,0.545454545454545
Draven/Sion/Vi,BandleTree,13,20,0.65
Draven/Sion/Vi,Gnar/Swain,9,12,0.75
Draven/Sion/Vi,Gnar/Trundle (FR/PZ),6,20,0.3
Draven/Sion/Vi,Miss Fortune/Quinn,13,23,0.565217391304348
Draven/Sion/Vi,Pantheon/Yuumi (DE/MT),8,10,0.8
Draven/Sion/Vi,Pyke/Rek'Sai,16,21,0.761904761904762
Draven/Sion/Vi,Senna/Veigar,7,18,0.388888888888889
Ekko/Zilean,Akshan/Sivir (DE/SH),7,15,0.466666666666667
Ekko/Zilean,BandleTree,14,26,0.538461538461538
Ekko/Zilean,Draven/Rumble (NX/PZ),8,14,0.571428571428571
Ekko/Zilean,Gnar/Swain,7,11,0.636363636363636
Ekko/Zilean,Gnar/Teemo/Tristana (BC/DE),8,17,0.470588235294118
Ekko/Zilean,Gnar/Trundle (FR/PZ),17,38,0.447368421052632
Ekko/Zilean,Gnar/Ziggs (BC/NX),8,16,0.5
Ekko/Zilean,Jayce/Lux,7,11,0.636363636363636
Ekko/Zilean,Miss Fortune/Quinn,11,21,0.523809523809524
Ekko/Zilean,Pantheon/Yuumi (DE/MT),11,31,0.354838709677419
Ekko/Zilean,Pyke/Rek'Sai,13,35,0.371428571428571
Ekko/Zilean,Senna/Veigar,9,25,0.36
Elise (NX/SI),Akshan/Gnar,5,11,0.454545454545455
Elise (NX/SI),Gnar/Trundle (FR/PZ),7,19,0.368421052631579
Elise (NX/SI),Miss Fortune/Quinn,4,13,0.307692307692308
Elise (NX/SI),Pyke/Rek'Sai,16,19,0.842105263157895
Elise (NX/SI),Senna/Veigar,6,16,0.375
Elise/Kindred/Vi,Akshan/Sivir (DE/SH),2,11,0.181818181818182
Elise/Kindred/Vi,BandleTree,8,13,0.615384615384615
Elise/Kindred/Vi,Draven/Rumble (NX/PZ),6,10,0.6
Elise/Kindred/Vi,Gnar/Teemo/Tristana (BC/DE),5,13,0.384615384615385
Elise/Kindred/Vi,Gnar/Trundle (FR/PZ),14,24,0.583333333333333
Elise/Kindred/Vi,Miss Fortune/Quinn,15,25,0.6
Elise/Kindred/Vi,Pantheon/Yuumi (DE/MT),4,16,0.25
Elise/Kindred/Vi,Pyke/Rek'Sai,14,26,0.538461538461538
Elise/Kindred/Vi,Senna/Veigar,14,26,0.538461538461538
Ezreal/Gnar,Akshan/Gnar,6,13,0.461538461538462
Ezreal/Gnar,Akshan/Renekton (BC/SH),9,10,0.9
Ezreal/Gnar,Akshan/Sivir (DE/SH),8,20,0.4
Ezreal/Gnar,BandleTree,6,16,0.375
Ezreal/Gnar,Gnar/Teemo/Tristana (BC/DE),7,17,0.411764705882353
Ezreal/Gnar,Gnar/Trundle (FR/PZ),9,19,0.473684210526316
Ezreal/Gnar,Jayce/Lux,0,10,0
Ezreal/Gnar,Miss Fortune/Quinn,5,22,0.227272727272727
Ezreal/Gnar,Pyke/Rek'Sai,16,40,0.4
Ezreal/Gnar,Senna/Veigar,3,20,0.15
Fizz/Gnar (BC/PZ),Akshan/Gnar,18,42,0.428571428571429
Fizz/Gnar (BC/PZ),Akshan/Sivir (DE/SH),6,11,0.545454545454545
Fizz/Gnar (BC/PZ),BandleTree,30,57,0.526315789473684
Fizz/Gnar (BC/PZ),Fizz/Gnar (BC/PZ),12,24,0.5
Fizz/Gnar (BC/PZ),Fizz/Gnar (BW/FR),8,11,0.727272727272727
Fizz/Gnar (BC/PZ),Fizz/Lulu (BC/PZ),7,12,0.583333333333333
Fizz/Gnar (BC/PZ),Fizz/Riven (BC/NX),12,18,0.666666666666667
Fizz/Gnar (BC/PZ),Galio/Shen,6,13,0.461538461538462
Fizz/Gnar (BC/PZ),Gnar/Sejuani,8,23,0.347826086956522
Fizz/Gnar (BC/PZ),Gnar/Swain,13,25,0.52
Fizz/Gnar (BC/PZ),Gnar/Teemo/Tristana (BC/DE),18,31,0.580645161290323
Fizz/Gnar (BC/PZ),Gnar/Trundle (FR/PZ),29,54,0.537037037037037
Fizz/Gnar (BC/PZ),Gnar/Ziggs (BC/NX),16,24,0.666666666666667
Fizz/Gnar (BC/PZ),Lee Sin/Zoe,4,10,0.4
Fizz/Gnar (BC/PZ),Miss Fortune/Quinn,30,62,0.483870967741936
Fizz/Gnar (BC/PZ),Pantheon/Yuumi (DE/MT),14,21,0.666666666666667
Fizz/Gnar (BC/PZ),Pyke/Rek'Sai,42,68,0.617647058823529
Fizz/Gnar (BC/PZ),Senna/Veigar,23,59,0.389830508474576
Fizz/Gnar (BC/PZ),Taliyah/Ziggs,6,10,0.6
Fizz/Gnar (BW/FR),Akshan/Gnar,4,13,0.307692307692308
Fizz/Gnar (BW/FR),Akshan/Renekton (BC/SH),7,20,0.35
Fizz/Gnar (BW/FR),BandleTree,11,18,0.611111111111111
Fizz/Gnar (BW/FR),Fizz/Gnar (BC/PZ),3,11,0.272727272727273
Fizz/Gnar (BW/FR),Fizz/Riven (BC/NX),6,11,0.545454545454545
Fizz/Gnar (BW/FR),Gnar/Sejuani,4,15,0.266666666666667
Fizz/Gnar (BW/FR),Gnar/Teemo/Tristana (BC/DE),8,17,0.470588235294118
Fizz/Gnar (BW/FR),Gnar/Trundle (FR/PZ),12,26,0.461538461538462
Fizz/Gnar (BW/FR),Miss Fortune/Quinn,8,21,0.380952380952381
Fizz/Gnar (BW/FR),Nami/Twisted Fate (BW/PZ),2,10,0.2
Fizz/Gnar (BW/FR),Pantheon/Taric (DE/MT),3,10,0.3
Fizz/Gnar (BW/FR),Pyke/Rek'Sai,9,20,0.45
Fizz/Gnar (BW/FR),Senna/Veigar,13,21,0.619047619047619
Fizz/Gnar/Lulu (BC/PZ),Gnar/Teemo/Tristana (BC/DE),5,12,0.416666666666667
Fizz/Gnar/Lulu (BC/PZ),Gnar/Trundle (FR/PZ),8,12,0.666666666666667
Fizz/Lulu (BC/PZ),Ahri/Lulu (IO/PZ),6,11,0.545454545454545
Fizz/Lulu (BC/PZ),Akshan/Gnar,4,15,0.266666666666667
Fizz/Lulu (BC/PZ),Akshan/Sivir (DE/SH),9,15,0.6
Fizz/Lulu (BC/PZ),BandleTree,26,43,0.604651162790698
Fizz/Lulu (BC/PZ),Draven/Rumble (NX/PZ),8,13,0.615384615384615
Fizz/Lulu (BC/PZ),Fizz/Gnar (BC/PZ),5,12,0.416666666666667
Fizz/Lulu (BC/PZ),Fizz/Riven (BC/NX),9,13,0.692307692307692
Fizz/Lulu (BC/PZ),Gnar/Sejuani,5,12,0.416666666666667
Fizz/Lulu (BC/PZ),Gnar/Swain,11,24,0.458333333333333
Fizz/Lulu (BC/PZ),Gnar/Teemo/Tristana (BC/DE),17,29,0.586206896551724
Fizz/Lulu (BC/PZ),Gnar/Trundle (FR/PZ),25,49,0.510204081632653
Fizz/Lulu (BC/PZ),Gnar/Ziggs (BC/NX),13,23,0.565217391304348
Fizz/Lulu (BC/PZ),Jayce/Lux,8,14,0.571428571428571
Fizz/Lulu (BC/PZ),Lee Sin/Zoe,2,10,0.2
Fizz/Lulu (BC/PZ),Miss Fortune/Quinn,21,43,0.488372093023256
Fizz/Lulu (BC/PZ),Pantheon/Taric/Yuumi (DE/MT),6,11,0.545454545454545
Fizz/Lulu (BC/PZ),Pantheon/Yuumi (DE/MT),24,41,0.585365853658537
Fizz/Lulu (BC/PZ),Pyke/Rek'Sai,34,63,0.53968253968254
Fizz/Lulu (BC/PZ),Senna/Veigar,16,50,0.32
Fizz/Riven (BC/NX),Ahri/Lulu (IO/PZ),18,35,0.514285714285714
Fizz/Riven (BC/NX),Akshan/Gnar,16,34,0.470588235294118
Fizz/Riven (BC/NX),Akshan/Sivir (DE/SH),11,23,0.478260869565217
Fizz/Riven (BC/NX),BandleTree,28,53,0.528301886792453
Fizz/Riven (BC/NX),Darius/Gnar (FR/NX),11,15,0.733333333333333
Fizz/Riven (BC/NX),Draven/Rumble (NX/PZ),11,20,0.55
Fizz/Riven (BC/NX),Fizz/Gnar (BC/PZ),6,18,0.333333333333333
Fizz/Riven (BC/NX),Fizz/Gnar (BW/FR),5,11,0.454545454545455
Fizz/Riven (BC/NX),Fizz/Lulu (BC/PZ),4,13,0.307692307692308
Fizz/Riven (BC/NX),Fizz/Riven (BC/NX),16,32,0.5
Fizz/Riven (BC/NX),Gangplank/Sejuani,6,13,0.461538461538462
Fizz/Riven (BC/NX),Gnar/Sejuani,7,11,0.636363636363636
Fizz/Riven (BC/NX),Gnar/Sejuani (FR/PZ),4,10,0.4
Fizz/Riven (BC/NX),Gnar/Swain,19,29,0.655172413793103
Fizz/Riven (BC/NX),Gnar/Teemo/Tristana (BC/DE),22,38,0.578947368421053
Fizz/Riven (BC/NX),Gnar/Trundle (FR/PZ),57,120,0.475
Fizz/Riven (BC/NX),Gnar/Ziggs (BC/NX),16,29,0.551724137931035
Fizz/Riven (BC/NX),Lee Sin/Zoe,11,17,0.647058823529412
Fizz/Riven (BC/NX),Miss Fortune/Quinn,32,71,0.450704225352113
Fizz/Riven (BC/NX),Pantheon/Taric (DE/MT),6,11,0.545454545454545
Fizz/Riven (BC/NX),Pantheon/Yuumi (DE/MT),23,53,0.433962264150943
Fizz/Riven (BC/NX),Pyke/Rek'Sai,47,88,0.534090909090909
Fizz/Riven (BC/NX),Senna/Veigar,45,73,0.616438356164384
Fizz/Teemo/Tristana (BC/DE),Senna/Veigar,6,10,0.6
Fizz/Tristana/Yuumi (BC/PZ),BandleTree,6,12,0.5
Fizz/Tristana/Yuumi (BC/PZ),Gnar/Trundle (FR/PZ),9,15,0.6
Fizz/Tristana/Yuumi (BC/PZ),Pantheon/Yuumi (DE/MT),6,12,0.5
Fizz/Tristana/Yuumi (BC/PZ),Pyke/Rek'Sai,10,20,0.5
Fizz/Tristana/Yuumi (BC/PZ),Senna/Veigar,12,21,0.571428571428571
Fizz/Yuumi (BC/FR),BandleTree,8,14,0.571428571428571
Fizz/Yuumi (BC/FR),Pantheon/Yuumi (DE/MT),7,18,0.388888888888889
Fizz/Yuumi (BC/FR),Pyke/Rek'Sai,8,10,0.8
Fizz/Yuumi (BC/FR),Senna/Veigar,8,10,0.8
Galio/Gnar (DE/FR),BandleTree,7,21,0.333333333333333
Galio/Gnar (DE/FR),Gnar/Trundle (FR/PZ),6,15,0.4
Galio/Gnar (DE/FR),Miss Fortune/Quinn,7,12,0.583333333333333
Galio/Gnar (DE/FR),Pyke/Rek'Sai,8,31,0.258064516129032
Galio/Gnar (DE/FR),Senna/Veigar,15,27,0.555555555555556
Galio/Shen,Akshan/Gnar,6,10,0.6
Galio/Shen,Akshan/Renekton (BC/SH),11,20,0.55
Galio/Shen,BandleTree,1,20,0.05
Galio/Shen,Fizz/Gnar (BC/PZ),7,13,0.538461538461538
Galio/Shen,Gnar/Teemo/Tristana (BC/DE),8,13,0.615384615384615
Galio/Shen,Gnar/Trundle (FR/PZ),6,24,0.25
Galio/Shen,Pantheon/Yuumi (DE/MT),5,13,0.384615384615385
Galio/Shen,Pyke/Rek'Sai,6,18,0.333333333333333
Galio/Shen,Senna/Veigar,13,24,0.541666666666667
Gangplank/Gnar,BandleTree,4,12,0.333333333333333
Gangplank/Miss Fortune (BW/NX),Senna/Veigar,3,11,0.272727272727273
Gangplank/Sejuani,Akshan/Gnar,10,17,0.588235294117647
Gangplank/Sejuani,Akshan/Renekton (BC/SH),15,18,0.833333333333333
Gangplank/Sejuani,Akshan/Sivir (DE/SH),6,15,0.4
Gangplank/Sejuani,BandleTree,22,45,0.488888888888889
Gangplank/Sejuani,Draven/Rumble (NX/PZ),3,12,0.25
Gangplank/Sejuani,Fizz/Riven (BC/NX),7,13,0.538461538461538
Gangplank/Sejuani,Gangplank/Sejuani,6,12,0.5
Gangplank/Sejuani,Gnar/Sejuani,11,20,0.55
Gangplank/Sejuani,Gnar/Swain,7,12,0.583333333333333
Gangplank/Sejuani,Gnar/Teemo/Tristana (BC/DE),15,32,0.46875
Gangplank/Sejuani,Gnar/Trundle (FR/PZ),34,66,0.515151515151515
Gangplank/Sejuani,Gnar/Ziggs (BC/NX),8,19,0.421052631578947
Gangplank/Sejuani,Miss Fortune/Quinn,14,42,0.333333333333333
Gangplank/Sejuani,Nami/Twisted Fate (BW/PZ),7,15,0.466666666666667
Gangplank/Sejuani,Pantheon/Yuumi (DE/MT),15,40,0.375
Gangplank/Sejuani,Pyke/Rek'Sai,35,56,0.625
Gangplank/Sejuani,Senna/Veigar,13,37,0.351351351351351
Gnar/Heimerdinger,BandleTree,11,16,0.6875
Gnar/Heimerdinger,Pyke/Rek'Sai,4,10,0.4
Gnar/Lulu (BC/PZ),Gnar/Trundle (FR/PZ),6,12,0.5
Gnar/Lulu/Yuumi (BC/DE),Gnar/Swain,6,10,0.6
Gnar/Lulu/Yuumi (BC/DE),Gnar/Trundle (FR/PZ),3,11,0.272727272727273
Gnar/Lulu/Yuumi (BC/DE),Miss Fortune/Quinn,7,11,0.636363636363636
Gnar/Lulu/Yuumi (BC/DE),Pyke/Rek'Sai,5,12,0.416666666666667
Gnar/Lulu/Yuumi (BC/DE),Senna/Veigar,4,13,0.307692307692308
Gnar/Lux,Pantheon/Yuumi (DE/MT),5,11,0.454545454545455
Gnar/Lux (DE/FR),Gnar/Trundle (FR/PZ),5,10,0.5
Gnar/Sejuani,Ahri/Lulu (IO/PZ),15,20,0.75
Gnar/Sejuani,Akshan/Gnar,25,34,0.735294117647059
Gnar/Sejuani,Akshan/Renekton (BC/SH),26,39,0.666666666666667
Gnar/Sejuani,Akshan/Sivir (DE/SH),17,24,0.708333333333333
Gnar/Sejuani,BandleTree,30,70,0.428571428571429
Gnar/Sejuani,Draven/Ezreal,6,14,0.428571428571429
Gnar/Sejuani,Draven/Rumble (NX/PZ),13,23,0.565217391304348
Gnar/Sejuani,Fizz/Gnar (BC/PZ),15,23,0.652173913043478
Gnar/Sejuani,Fizz/Gnar (BW/FR),11,15,0.733333333333333
Gnar/Sejuani,Fizz/Lulu (BC/PZ),7,12,0.583333333333333
Gnar/Sejuani,Fizz/Riven (BC/NX),4,11,0.363636363636364
Gnar/Sejuani,Gangplank/Sejuani,9,20,0.45
Gnar/Sejuani,Gnar/Sejuani,14,28,0.5
Gnar/Sejuani,Gnar/Swain,7,15,0.466666666666667
Gnar/Sejuani,Gnar/Teemo/Tristana (BC/DE),19,39,0.487179487179487
Gnar/Sejuani,Gnar/Trundle (FR/PZ),23,39,0.58974358974359
Gnar/Sejuani,Gnar/Ziggs (BC/NX),12,23,0.521739130434783
Gnar/Sejuani,Jayce/Lux,6,10,0.6
Gnar/Sejuani,Miss Fortune/Quinn,37,62,0.596774193548387
Gnar/Sejuani,Nami/Twisted Fate (BW/PZ),10,17,0.588235294117647
Gnar/Sejuani,Pantheon/Taric/Yuumi (DE/MT),9,11,0.818181818181818
Gnar/Sejuani,Pantheon/Yuumi (DE/MT),26,50,0.52
Gnar/Sejuani,Pyke/Rek'Sai,36,55,0.654545454545455
Gnar/Sejuani,Senna/Veigar,28,73,0.383561643835616
Gnar/Sejuani (FR/PZ),BandleTree,8,11,0.727272727272727
Gnar/Sejuani (FR/PZ),Fizz/Riven (BC/NX),6,10,0.6
Gnar/Sejuani (FR/PZ),Gnar/Teemo/Tristana (BC/DE),6,13,0.461538461538462
Gnar/Sejuani (FR/PZ),Gnar/Trundle (FR/PZ),7,23,0.304347826086957
Gnar/Sejuani (FR/PZ),Miss Fortune/Quinn,14,20,0.7
Gnar/Sejuani (FR/PZ),Pantheon/Yuumi (DE/MT),4,12,0.333333333333333
Gnar/Sejuani (FR/PZ),Pyke/Rek'Sai,9,14,0.642857142857143
Gnar/Sejuani (FR/PZ),Senna/Veigar,9,15,0.6
Gnar/Swain,Ahri/Lulu (IO/PZ),10,24,0.416666666666667
Gnar/Swain,Akshan/Gnar,23,43,0.534883720930233
Gnar/Swain,Akshan/Sivir (DE/SH),16,32,0.5
Gnar/Swain,BandleTree,51,97,0.525773195876289
Gnar/Swain,Caitlyn/Ezreal (NX/PZ),3,12,0.25
Gnar/Swain,Darius/Gnar (FR/NX),8,16,0.5
Gnar/Swain,Draven/Sion/Vi,3,12,0.25
Gnar/Swain,Ekko/Zilean,4,11,0.363636363636364
Gnar/Swain,Fizz/Gnar (BC/PZ),12,25,0.48
Gnar/Swain,Fizz/Lulu (BC/PZ),13,24,0.541666666666667
Gnar/Swain,Fizz/Riven (BC/NX),10,29,0.344827586206897
Gnar/Swain,Gangplank/Sejuani,5,12,0.416666666666667
Gnar/Swain,Gnar/Lulu/Yuumi (BC/DE),4,10,0.4
Gnar/Swain,Gnar/Sejuani,8,15,0.533333333333333
Gnar/Swain,Gnar/Swain,28,56,0.5
Gnar/Swain,Gnar/Teemo/Tristana (BC/DE),11,37,0.297297297297297
Gnar/Swain,Gnar/Trundle (FR/PZ),27,94,0.287234042553192
Gnar/Swain,Gnar/Ziggs (BC/NX),26,35,0.742857142857143
Gnar/Swain,Lee Sin/Zoe,8,14,0.571428571428571
Gnar/Swain,Miss Fortune/Quinn,32,63,0.507936507936508
Gnar/Swain,Nami/Twisted Fate (BW/PZ),4,10,0.4
Gnar/Swain,Pantheon/Yuumi (DE/MT),19,36,0.527777777777778
Gnar/Swain,Pyke/Rek'Sai,43,93,0.462365591397849
Gnar/Swain,Senna/Veigar,43,93,0.462365591397849
Gnar/Swain,Taliyah/Ziggs,8,11,0.727272727272727
Gnar/Teemo/Tristana (BC/DE),Ahri/Lulu (IO/PZ),11,16,0.6875
Gnar/Teemo/Tristana (BC/DE),Akshan/Gnar,26,57,0.456140350877193
Gnar/Teemo/Tristana (BC/DE),Akshan/Renekton (BC/SH),14,30,0.466666666666667
Gnar/Teemo/Tristana (BC/DE),Akshan/Sivir (DE/SH),24,57,0.421052631578947
Gnar/Teemo/Tristana (BC/DE),Aphelios/Lux/Zoe,8,16,0.5
Gnar/Teemo/Tristana (BC/DE),Aurelion Sol/Thresh,6,12,0.5
Gnar/Teemo/Tristana (BC/DE),BandleTree,78,122,0.639344262295082
Gnar/Teemo/Tristana (BC/DE),Caitlyn/Ezreal (NX/PZ),16,24,0.666666666666667
Gnar/Teemo/Tristana (BC/DE),Darius/Gnar (FR/NX),9,19,0.473684210526316
Gnar/Teemo/Tristana (BC/DE),Draven/Ezreal,7,12,0.583333333333333
Gnar/Teemo/Tristana (BC/DE),Draven/Jinx,4,10,0.4
Gnar/Teemo/Tristana (BC/DE),Draven/Rumble (NX/PZ),20,45,0.444444444444444
Gnar/Teemo/Tristana (BC/DE),Draven/Sion (NX/PZ),7,11,0.636363636363636
Gnar/Teemo/Tristana (BC/DE),Ekko/Zilean,9,17,0.529411764705882
Gnar/Teemo/Tristana (BC/DE),Elise/Kindred/Vi,8,13,0.615384615384615
Gnar/Teemo/Tristana (BC/DE),Ezreal/Gnar,10,17,0.588235294117647
Gnar/Teemo/Tristana (BC/DE),Fizz/Gnar (BC/PZ),13,31,0.419354838709677
Gnar/Teemo/Tristana (BC/DE),Fizz/Gnar (BW/FR),9,17,0.529411764705882
Gnar/Teemo/Tristana (BC/DE),Fizz/Gnar/Lulu (BC/PZ),7,12,0.583333333333333
Gnar/Teemo/Tristana (BC/DE),Fizz/Lulu (BC/PZ),12,29,0.413793103448276
Gnar/Teemo/Tristana (BC/DE),Fizz/Riven (BC/NX),16,38,0.421052631578947
Gnar/Teemo/Tristana (BC/DE),Galio/Shen,5,13,0.384615384615385
Gnar/Teemo/Tristana (BC/DE),Gangplank/Sejuani,17,32,0.53125
Gnar/Teemo/Tristana (BC/DE),Gnar/Sejuani,19,39,0.487179487179487
Gnar/Teemo/Tristana (BC/DE),Gnar/Sejuani (FR/PZ),7,13,0.538461538461538
Gnar/Teemo/Tristana (BC/DE),Gnar/Swain,26,37,0.702702702702703
Gnar/Teemo/Tristana (BC/DE),Gnar/Teemo/Tristana (BC/DE),34,68,0.5
Gnar/Teemo/Tristana (BC/DE),Gnar/Trundle (FR/PZ),68,140,0.485714285714286
Gnar/Teemo/Tristana (BC/DE),Gnar/Ziggs (BC/NX),19,37,0.513513513513514
Gnar/Teemo/Tristana (BC/DE),Heimerdinger/Jayce (IO/PZ),9,17,0.529411764705882
Gnar/Teemo/Tristana (BC/DE),Jayce/Lux,11,23,0.478260869565217
Gnar/Teemo/Tristana (BC/DE),Kindred/Viego (IO/SI),7,11,0.636363636363636
Gnar/Teemo/Tristana (BC/DE),Lee Sin/Zoe,10,26,0.384615384615385
Gnar/Teemo/Tristana (BC/DE),Miss Fortune/Quinn,64,130,0.492307692307692
Gnar/Teemo/Tristana (BC/DE),Nami/Twisted Fate (BW/PZ),14,22,0.636363636363636
Gnar/Teemo/Tristana (BC/DE),Pantheon/Taric (DE/MT),12,18,0.666666666666667
Gnar/Teemo/Tristana (BC/DE),Pantheon/Taric/Yuumi (DE/MT),11,19,0.578947368421053
Gnar/Teemo/Tristana (BC/DE),Pantheon/Yuumi (DE/MT),59,126,0.468253968253968
Gnar/Teemo/Tristana (BC/DE),Pyke/Rek'Sai,81,143,0.566433566433567
Gnar/Teemo/Tristana (BC/DE),Senna/Veigar,85,134,0.634328358208955
Gnar/Teemo/Tristana (BC/DE),Taliyah/Ziggs,13,19,0.68421052631579
Gnar/Teemo/Tristana (BC/DE),Teemo/Tristana/Yuumi,8,14,0.571428571428571
Gnar/Trundle (FR/PZ),Ahri/Lulu (IO/PZ),36,68,0.529411764705882
Gnar/Trundle (FR/PZ),Akshan/Gnar,66,122,0.540983606557377
Gnar/Trundle (FR/PZ),Akshan/Renekton (BC/SH),21,43,0.488372093023256
Gnar/Trundle (FR/PZ),Akshan/Sivir (DE/SH),41,85,0.482352941176471
Gnar/Trundle (FR/PZ),Akshan/Zilean (PZ/SH),8,12,0.666666666666667
Gnar/Trundle (FR/PZ),Anivia (FR/SI),10,17,0.588235294117647
Gnar/Trundle (FR/PZ),Aphelios/Lux/Zoe,19,28,0.678571428571429
Gnar/Trundle (FR/PZ),Aurelion Sol/Thresh,10,11,0.909090909090909
Gnar/Trundle (FR/PZ),BandleTree,134,213,0.629107981220657
Gnar/Trundle (FR/PZ),Braum/Galio,11,15,0.733333333333333
Gnar/Trundle (FR/PZ),Caitlyn/Ezreal (NX/PZ),15,25,0.6
Gnar/Trundle (FR/PZ),Caitlyn/Senna,17,23,0.739130434782609
Gnar/Trundle (FR/PZ),Caitlyn/Teemo (BC/PZ),6,13,0.461538461538462
Gnar/Trundle (FR/PZ),Darius/Gnar (FR/NX),19,44,0.431818181818182
Gnar/Trundle (FR/PZ),Diana/Nocturne,11,17,0.647058823529412
Gnar/Trundle (FR/PZ),Draven/Ezreal,14,21,0.666666666666667
Gnar/Trundle (FR/PZ),Draven/Jinx,5,10,0.5
Gnar/Trundle (FR/PZ),Draven/Rumble (NX/PZ),30,64,0.46875
Gnar/Trundle (FR/PZ),Draven/Sion (NX/PZ),8,15,0.533333333333333
Gnar/Trundle (FR/PZ),Draven/Sion/Vi,14,20,0.7
Gnar/Trundle (FR/PZ),Ekko/Zilean,21,38,0.552631578947369
Gnar/Trundle (FR/PZ),Elise (NX/SI),12,19,0.631578947368421
Gnar/Trundle (FR/PZ),Elise/Kindred/Vi,10,24,0.416666666666667
Gnar/Trundle (FR/PZ),Ezreal/Gnar,10,19,0.526315789473684
Gnar/Trundle (FR/PZ),Fizz/Gnar (BC/PZ),25,54,0.462962962962963
Gnar/Trundle (FR/PZ),Fizz/Gnar (BW/FR),14,26,0.538461538461538
Gnar/Trundle (FR/PZ),Fizz/Gnar/Lulu (BC/PZ),4,12,0.333333333333333
Gnar/Trundle (FR/PZ),Fizz/Lulu (BC/PZ),24,49,0.489795918367347
Gnar/Trundle (FR/PZ),Fizz/Riven (BC/NX),63,120,0.525
Gnar/Trundle (FR/PZ),Fizz/Tristana/Yuumi (BC/PZ),6,15,0.4
Gnar/Trundle (FR/PZ),Galio/Gnar (DE/FR),9,15,0.6
Gnar/Trundle (FR/PZ),Galio/Shen,18,24,0.75
Gnar/Trundle (FR/PZ),Gangplank/Sejuani,32,66,0.484848484848485
Gnar/Trundle (FR/PZ),Gnar/Lulu (BC/PZ),6,12,0.5
Gnar/Trundle (FR/PZ),Gnar/Lulu/Yuumi (BC/DE),8,11,0.727272727272727
Gnar/Trundle (FR/PZ),Gnar/Lux (DE/FR),5,10,0.5
Gnar/Trundle (FR/PZ),Gnar/Sejuani,16,39,0.41025641025641
Gnar/Trundle (FR/PZ),Gnar/Sejuani (FR/PZ),16,23,0.695652173913044
Gnar/Trundle (FR/PZ),Gnar/Swain,67,94,0.712765957446809
Gnar/Trundle (FR/PZ),Gnar/Teemo/Tristana (BC/DE),72,140,0.514285714285714
Gnar/Trundle (FR/PZ),Gnar/Trundle (FR/PZ),162,324,0.5
Gnar/Trundle (FR/PZ),Gnar/Ziggs (BC/NX),47,98,0.479591836734694
Gnar/Trundle (FR/PZ),Heimerdinger/Jayce (IO/PZ),5,10,0.5
Gnar/Trundle (FR/PZ),Jayce/Lux,18,37,0.486486486486487
Gnar/Trundle (FR/PZ),Kindred/Viego (IO/SI),4,11,0.363636363636364
Gnar/Trundle (FR/PZ),Lee Sin/Zoe,14,39,0.358974358974359
Gnar/Trundle (FR/PZ),Lissandra/Taliyah,11,12,0.916666666666667
Gnar/Trundle (FR/PZ),Lucian/Zed,8,14,0.571428571428571
Gnar/Trundle (FR/PZ),Miss Fortune/Quinn,115,264,0.435606060606061
Gnar/Trundle (FR/PZ),Nami/Twisted Fate (BW/PZ),10,28,0.357142857142857
Gnar/Trundle (FR/PZ),Pantheon/Shyvana,3,10,0.3
Gnar/Trundle (FR/PZ),Pantheon/Taric (DE/MT),17,43,0.395348837209302
Gnar/Trundle (FR/PZ),Pantheon/Taric/Yuumi (DE/MT),18,39,0.461538461538462
Gnar/Trundle (FR/PZ),Pantheon/Yuumi (DE/MT),72,152,0.473684210526316
Gnar/Trundle (FR/PZ),Pyke/Rek'Sai,183,300,0.61
Gnar/Trundle (FR/PZ),Rumble/Sion (NX/PZ),6,12,0.5
Gnar/Trundle (FR/PZ),Senna/Veigar,137,269,0.509293680297398
Gnar/Trundle (FR/PZ),Taliyah/Ziggs,16,28,0.571428571428571
Gnar/Trundle (FR/PZ),Teemo/Tristana/Yuumi,12,25,0.48
Gnar/Trundle (FR/PZ),Trundle/Tryndamere (FR/SI),10,19,0.526315789473684
Gnar/Trundle (FR/PZ),Yuumi (BC/DE),4,10,0.4
Gnar/Trundle (FR/SI),Pantheon/Yuumi (DE/MT),2,10,0.2
Gnar/Yuumi (BC/DE),BandleTree,4,11,0.363636363636364
Gnar/Ziggs (BC/NX),Ahri/Lulu (IO/PZ),7,16,0.4375
Gnar/Ziggs (BC/NX),Akshan/Gnar,14,31,0.451612903225806
Gnar/Ziggs (BC/NX),Akshan/Renekton (BC/SH),10,14,0.714285714285714
Gnar/Ziggs (BC/NX),Akshan/Sivir (DE/SH),7,24,0.291666666666667
Gnar/Ziggs (BC/NX),Anivia (FR/SI),6,13,0.461538461538462
Gnar/Ziggs (BC/NX),BandleTree,29,66,0.439393939393939
Gnar/Ziggs (BC/NX),Braum/Galio,5,11,0.454545454545455
Gnar/Ziggs (BC/NX),Caitlyn/Ezreal (NX/PZ),2,17,0.117647058823529
Gnar/Ziggs (BC/NX),Caitlyn/Senna,1,11,0.0909090909090909
Gnar/Ziggs (BC/NX),Draven/Rumble (NX/PZ),10,20,0.5
Gnar/Ziggs (BC/NX),Ekko/Zilean,8,16,0.5
Gnar/Ziggs (BC/NX),Fizz/Gnar (BC/PZ),8,24,0.333333333333333
Gnar/Ziggs (BC/NX),Fizz/Lulu (BC/PZ),10,23,0.434782608695652
Gnar/Ziggs (BC/NX),Fizz/Riven (BC/NX),13,29,0.448275862068966
Gnar/Ziggs (BC/NX),Gangplank/Sejuani,11,19,0.578947368421053
Gnar/Ziggs (BC/NX),Gnar/Sejuani,11,23,0.478260869565217
Gnar/Ziggs (BC/NX),Gnar/Swain,9,35,0.257142857142857
Gnar/Ziggs (BC/NX),Gnar/Teemo/Tristana (BC/DE),18,37,0.486486486486487
Gnar/Ziggs (BC/NX),Gnar/Trundle (FR/PZ),51,98,0.520408163265306
Gnar/Ziggs (BC/NX),Gnar/Ziggs (BC/NX),14,28,0.5
Gnar/Ziggs (BC/NX),Jayce/Lux,12,14,0.857142857142857
Gnar/Ziggs (BC/NX),Lee Sin/Zoe,4,11,0.363636363636364
Gnar/Ziggs (BC/NX),Miss Fortune/Quinn,37,82,0.451219512195122
Gnar/Ziggs (BC/NX),Pantheon/Taric (DE/MT),7,16,0.4375
Gnar/Ziggs (BC/NX),Pantheon/Yuumi (DE/MT),44,61,0.721311475409836
Gnar/Ziggs (BC/NX),Pyke/Rek'Sai,42,88,0.477272727272727
Gnar/Ziggs (BC/NX),Senna/Veigar,41,113,0.36283185840708
Heimerdinger/Jayce (IO/PZ),Gnar/Teemo/Tristana (BC/DE),8,17,0.470588235294118
Heimerdinger/Jayce (IO/PZ),Gnar/Trundle (FR/PZ),5,10,0.5
Heimerdinger/Jayce (PZ/SI),Pyke/Rek'Sai,6,12,0.5
Jayce/Lux,Akshan/Gnar,5,19,0.263157894736842
Jayce/Lux,Akshan/Renekton (BC/SH),4,12,0.333333333333333
Jayce/Lux,Akshan/Sivir (DE/SH),7,14,0.5
Jayce/Lux,BandleTree,18,31,0.580645161290323
Jayce/Lux,Draven/Rumble (NX/PZ),4,12,0.333333333333333
Jayce/Lux,Ekko/Zilean,4,11,0.363636363636364
Jayce/Lux,Ezreal/Gnar,10,10,1
Jayce/Lux,Fizz/Lulu (BC/PZ),6,14,0.428571428571429
Jayce/Lux,Gnar/Sejuani,4,10,0.4
Jayce/Lux,Gnar/Teemo/Tristana (BC/DE),12,23,0.521739130434783
Jayce/Lux,Gnar/Trundle (FR/PZ),19,37,0.513513513513514
Jayce/Lux,Gnar/Ziggs (BC/NX),2,14,0.142857142857143
Jayce/Lux,Miss Fortune/Quinn,27,37,0.72972972972973
Jayce/Lux,Pantheon/Yuumi (DE/MT),8,25,0.32
Jayce/Lux,Pyke/Rek'Sai,16,35,0.457142857142857
Jayce/Lux,Senna/Veigar,21,33,0.636363636363636
Jayce/Lux,Taliyah/Ziggs,6,11,0.545454545454545
Kindred/Vi,Senna/Veigar,6,14,0.428571428571429
Kindred/Viego (IO/SI),Gnar/Teemo/Tristana (BC/DE),4,11,0.363636363636364
Kindred/Viego (IO/SI),Gnar/Trundle (FR/PZ),7,11,0.636363636363636
Kindred/Viego (IO/SI),Miss Fortune/Quinn,5,16,0.3125
Kindred/Viego (IO/SI),Pyke/Rek'Sai,6,11,0.545454545454545
Kindred/Viego (IO/SI),Senna/Veigar,8,16,0.5
Lee Sin/Yuumi/Zoe (IO/MT),Pyke/Rek'Sai,5,10,0.5
Lee Sin/Zoe,Akshan/Gnar,10,22,0.454545454545455
Lee Sin/Zoe,Akshan/Sivir (DE/SH),9,23,0.391304347826087
Lee Sin/Zoe,BandleTree,17,39,0.435897435897436
Lee Sin/Zoe,Draven/Rumble (NX/PZ),3,10,0.3
Lee Sin/Zoe,Fizz/Gnar (BC/PZ),6,10,0.6
Lee Sin/Zoe,Fizz/Lulu (BC/PZ),8,10,0.8
Lee Sin/Zoe,Fizz/Riven (BC/NX),6,17,0.352941176470588
Lee Sin/Zoe,Gnar/Swain,6,14,0.428571428571429
Lee Sin/Zoe,Gnar/Teemo/Tristana (BC/DE),16,26,0.615384615384615
Lee Sin/Zoe,Gnar/Trundle (FR/PZ),25,39,0.641025641025641
Lee Sin/Zoe,Gnar/Ziggs (BC/NX),7,11,0.636363636363636
Lee Sin/Zoe,Lee Sin/Zoe,9,18,0.5
Lee Sin/Zoe,Lucian/Zed,4,11,0.363636363636364
Lee Sin/Zoe,Miss Fortune/Quinn,12,34,0.352941176470588
Lee Sin/Zoe,Pantheon/Yuumi (DE/MT),24,43,0.558139534883721
Lee Sin/Zoe,Pyke/Rek'Sai,26,45,0.577777777777778
Lee Sin/Zoe,Senna/Veigar,14,40,0.35
Lissandra/Taliyah,Gnar/Trundle (FR/PZ),1,12,0.0833333333333333
Lissandra/Taliyah,Pyke/Rek'Sai,1,15,0.0666666666666667
Lucian/Zed,BandleTree,10,14,0.714285714285714
Lucian/Zed,Gnar/Trundle (FR/PZ),6,14,0.428571428571429
Lucian/Zed,Lee Sin/Zoe,7,11,0.636363636363636
Lucian/Zed,Lucian/Zed,5,10,0.5
Lucian/Zed,Miss Fortune/Quinn,8,14,0.571428571428571
Lucian/Zed,Pantheon/Yuumi (DE/MT),9,21,0.428571428571429
Lucian/Zed,Pyke/Rek'Sai,5,10,0.5
Lucian/Zed,Senna/Veigar,10,18,0.555555555555556
Malphite/Taliyah,Miss Fortune/Quinn,6,11,0.545454545454545
Miss Fortune/Quinn,Ahri/Lulu (IO/PZ),40,62,0.645161290322581
Miss Fortune/Quinn,Akshan/Gnar,50,94,0.531914893617021
Miss Fortune/Quinn,Akshan/Renekton (BC/SH),10,27,0.37037037037037
Miss Fortune/Quinn,Akshan/Sivir (DE/SH),35,74,0.472972972972973
Miss Fortune/Quinn,Anivia (FR/SI),10,14,0.714285714285714
Miss Fortune/Quinn,Aphelios/Lux/Zoe,9,25,0.36
Miss Fortune/Quinn,BandleTree,126,200,0.63
Miss Fortune/Quinn,Braum/Galio,3,12,0.25
Miss Fortune/Quinn,Caitlyn/Ezreal (NX/PZ),11,21,0.523809523809524
Miss Fortune/Quinn,Caitlyn/Senna,14,17,0.823529411764706
Miss Fortune/Quinn,Caitlyn/Teemo (BC/PZ),9,11,0.818181818181818
Miss Fortune/Quinn,Darius/Gnar (FR/NX),21,35,0.6
Miss Fortune/Quinn,Diana/Nocturne,5,12,0.416666666666667
Miss Fortune/Quinn,Draven/Ezreal,10,19,0.526315789473684
Miss Fortune/Quinn,Draven/Jinx,7,14,0.5
Miss Fortune/Quinn,Draven/Rumble (NX/PZ),32,66,0.484848484848485
Miss Fortune/Quinn,Draven/Sion (NX/PZ),18,23,0.782608695652174
Miss Fortune/Quinn,Draven/Sion/Vi,10,23,0.434782608695652
Miss Fortune/Quinn,Ekko/Zilean,10,21,0.476190476190476
Miss Fortune/Quinn,Elise (NX/SI),9,13,0.692307692307692
Miss Fortune/Quinn,Elise/Kindred/Vi,10,25,0.4
Miss Fortune/Quinn,Ezreal/Gnar,17,22,0.772727272727273
Miss Fortune/Quinn,Fizz/Gnar (BC/PZ),32,62,0.516129032258065
Miss Fortune/Quinn,Fizz/Gnar (BW/FR),13,21,0.619047619047619
Miss Fortune/Quinn,Fizz/Lulu (BC/PZ),22,43,0.511627906976744
Miss Fortune/Quinn,Fizz/Riven (BC/NX),39,71,0.549295774647887
Miss Fortune/Quinn,Galio/Gnar (DE/FR),5,12,0.416666666666667
Miss Fortune/Quinn,Gangplank/Sejuani,28,42,0.666666666666667
Miss Fortune/Quinn,Gnar/Lulu/Yuumi (BC/DE),4,11,0.363636363636364
Miss Fortune/Quinn,Gnar/Sejuani,25,62,0.403225806451613
Miss Fortune/Quinn,Gnar/Sejuani (FR/PZ),6,20,0.3
Miss Fortune/Quinn,Gnar/Swain,31,63,0.492063492063492
Miss Fortune/Quinn,Gnar/Teemo/Tristana (BC/DE),66,130,0.507692307692308
Miss Fortune/Quinn,Gnar/Trundle (FR/PZ),149,264,0.564393939393939
Miss Fortune/Quinn,Gnar/Ziggs (BC/NX),45,82,0.548780487804878
Miss Fortune/Quinn,Jayce/Lux,10,37,0.27027027027027
Miss Fortune/Quinn,Kindred/Viego (IO/SI),11,16,0.6875
Miss Fortune/Quinn,Lee Sin/Zoe,22,34,0.647058823529412
Miss Fortune/Quinn,Lucian/Zed,6,14,0.428571428571429
Miss Fortune/Quinn,Malphite/Taliyah,5,11,0.454545454545455
Miss Fortune/Quinn,Miss Fortune/Quinn,105,210,0.5
Miss Fortune/Quinn,Nami/Twisted Fate (BW/PZ),18,32,0.5625
Miss Fortune/Quinn,Pantheon/Taric (DE/MT),14,32,0.4375
Miss Fortune/Quinn,Pantheon/Taric/Yuumi (DE/MT),12,34,0.352941176470588
Miss Fortune/Quinn,Pantheon/Yuumi (DE/MT),56,165,0.339393939393939
Miss Fortune/Quinn,Pyke/Rek'Sai,131,264,0.496212121212121
Miss Fortune/Quinn,Senna/Veigar,142,251,0.565737051792829
Miss Fortune/Quinn,Taliyah/Ziggs,18,30,0.6
Miss Fortune/Quinn,Teemo/Tristana/Yuumi,11,25,0.44
Miss Fortune/Quinn,Trundle/Tryndamere (FR/SI),8,20,0.4
Nami/Twisted Fate (BW/PZ),Ahri/Lulu (IO/PZ),4,11,0.363636363636364
Nami/Twisted Fate (BW/PZ),Akshan/Gnar,6,13,0.461538461538462
Nami/Twisted Fate (BW/PZ),Akshan/Sivir (DE/SH),9,21,0.428571428571429
Nami/Twisted Fate (BW/PZ),BandleTree,30,40,0.75
Nami/Twisted Fate (BW/PZ),Draven/Rumble (NX/PZ),6,13,0.461538461538462
Nami/Twisted Fate (BW/PZ),Fizz/Gnar (BW/FR),8,10,0.8
Nami/Twisted Fate (BW/PZ),Gangplank/Sejuani,8,15,0.533333333333333
Nami/Twisted Fate (BW/PZ),Gnar/Sejuani,7,17,0.411764705882353
Nami/Twisted Fate (BW/PZ),Gnar/Swain,6,10,0.6
Nami/Twisted Fate (BW/PZ),Gnar/Teemo/Tristana (BC/DE),8,22,0.363636363636364
Nami/Twisted Fate (BW/PZ),Gnar/Trundle (FR/PZ),18,28,0.642857142857143
Nami/Twisted Fate (BW/PZ),Miss Fortune/Quinn,14,32,0.4375
Nami/Twisted Fate (BW/PZ),Nami/Twisted Fate (BW/PZ),6,12,0.5
Nami/Twisted Fate (BW/PZ),Pantheon/Yuumi (DE/MT),10,25,0.4
Nami/Twisted Fate (BW/PZ),Pyke/Rek'Sai,14,37,0.378378378378378
Nami/Twisted Fate (BW/PZ),Senna/Veigar,17,42,0.404761904761905
Pantheon/Shyvana,Gnar/Trundle (FR/PZ),7,10,0.7
Pantheon/Taric (DE/MT),Akshan/Gnar,10,17,0.588235294117647
Pantheon/Taric (DE/MT),Akshan/Sivir (DE/SH),4,10,0.4
Pantheon/Taric (DE/MT),BandleTree,20,40,0.5
Pantheon/Taric (DE/MT),Draven/Rumble (NX/PZ),10,18,0.555555555555556
Pantheon/Taric (DE/MT),Fizz/Gnar (BW/FR),7,10,0.7
Pantheon/Taric (DE/MT),Fizz/Riven (BC/NX),5,11,0.454545454545455
Pantheon/Taric (DE/MT),Gnar/Teemo/Tristana (BC/DE),6,18,0.333333333333333
Pantheon/Taric (DE/MT),Gnar/Trundle (FR/PZ),26,43,0.604651162790698
Pantheon/Taric (DE/MT),Gnar/Ziggs (BC/NX),9,16,0.5625
Pantheon/Taric (DE/MT),Miss Fortune/Quinn,18,32,0.5625
Pantheon/Taric (DE/MT),Pantheon/Yuumi (DE/MT),9,35,0.257142857142857
Pantheon/Taric (DE/MT),Pyke/Rek'Sai,27,49,0.551020408163265
Pantheon/Taric (DE/MT),Senna/Veigar,19,38,0.5
Pantheon/Taric/Yuumi (DE/MT),Akshan/Gnar,6,10,0.6
Pantheon/Taric/Yuumi (DE/MT),Akshan/Sivir (DE/SH),6,19,0.315789473684211
Pantheon/Taric/Yuumi (DE/MT),BandleTree,10,24,0.416666666666667
Pantheon/Taric/Yuumi (DE/MT),Draven/Rumble (NX/PZ),6,11,0.545454545454545
Pantheon/Taric/Yuumi (DE/MT),Fizz/Lulu (BC/PZ),5,11,0.454545454545455
Pantheon/Taric/Yuumi (DE/MT),Gnar/Sejuani,2,11,0.181818181818182
Pantheon/Taric/Yuumi (DE/MT),Gnar/Teemo/Tristana (BC/DE),8,19,0.421052631578947
Pantheon/Taric/Yuumi (DE/MT),Gnar/Trundle (FR/PZ),21,39,0.538461538461538
Pantheon/Taric/Yuumi (DE/MT),Miss Fortune/Quinn,22,34,0.647058823529412
Pantheon/Taric/Yuumi (DE/MT),Pantheon/Taric/Yuumi (DE/MT),5,10,0.5
Pantheon/Taric/Yuumi (DE/MT),Pantheon/Yuumi (DE/MT),7,25,0.28
Pantheon/Taric/Yuumi (DE/MT),Pyke/Rek'Sai,13,38,0.342105263157895
Pantheon/Taric/Yuumi (DE/MT),Senna/Veigar,27,51,0.529411764705882
Pantheon/Yuumi (DE/MT),Ahri/Lulu (IO/PZ),10,19,0.526315789473684
Pantheon/Yuumi (DE/MT),Akshan/Gnar,24,53,0.452830188679245
Pantheon/Yuumi (DE/MT),Akshan/Renekton (BC/SH),12,21,0.571428571428571
Pantheon/Yuumi (DE/MT),Akshan/Sivir (DE/SH),49,85,0.576470588235294
Pantheon/Yuumi (DE/MT),Anivia (FR/SI),11,15,0.733333333333333
Pantheon/Yuumi (DE/MT),Aphelios/Lux/Zoe,14,19,0.736842105263158
Pantheon/Yuumi (DE/MT),BandleTree,73,147,0.496598639455782
Pantheon/Yuumi (DE/MT),Braum/Galio,8,10,0.8
Pantheon/Yuumi (DE/MT),Caitlyn/Ezreal (NX/PZ),17,39,0.435897435897436
Pantheon/Yuumi (DE/MT),Darius/Gnar (FR/NX),7,14,0.5
Pantheon/Yuumi (DE/MT),Diana/Nocturne,5,13,0.384615384615385
Pantheon/Yuumi (DE/MT),Draven/Ezreal,5,11,0.454545454545455
Pantheon/Yuumi (DE/MT),Draven/Jinx,4,11,0.363636363636364
Pantheon/Yuumi (DE/MT),Draven/Rumble (NX/PZ),25,57,0.43859649122807
Pantheon/Yuumi (DE/MT),Draven/Sion (NX/PZ),5,10,0.5
Pantheon/Yuumi (DE/MT),Draven/Sion/Vi,2,10,0.2
Pantheon/Yuumi (DE/MT),Ekko/Zilean,20,31,0.645161290322581
Pantheon/Yuumi (DE/MT),Elise/Kindred/Vi,12,16,0.75
Pantheon/Yuumi (DE/MT),Fizz/Gnar (BC/PZ),7,21,0.333333333333333
Pantheon/Yuumi (DE/MT),Fizz/Lulu (BC/PZ),17,41,0.414634146341463
Pantheon/Yuumi (DE/MT),Fizz/Riven (BC/NX),30,53,0.566037735849057
Pantheon/Yuumi (DE/MT),Fizz/Tristana/Yuumi (BC/PZ),6,12,0.5
Pantheon/Yuumi (DE/MT),Fizz/Yuumi (BC/FR),11,18,0.611111111111111
Pantheon/Yuumi (DE/MT),Galio/Shen,8,13,0.615384615384615
Pantheon/Yuumi (DE/MT),Gangplank/Sejuani,25,40,0.625
Pantheon/Yuumi (DE/MT),Gnar/Lux,6,11,0.545454545454545
Pantheon/Yuumi (DE/MT),Gnar/Sejuani,24,50,0.48
Pantheon/Yuumi (DE/MT),Gnar/Sejuani (FR/PZ),8,12,0.666666666666667
Pantheon/Yuumi (DE/MT),Gnar/Swain,17,36,0.472222222222222
Pantheon/Yuumi (DE/MT),Gnar/Teemo/Tristana (BC/DE),67,126,0.531746031746032
Pantheon/Yuumi (DE/MT),Gnar/Trundle (FR/PZ),80,152,0.526315789473684
Pantheon/Yuumi (DE/MT),Gnar/Trundle (FR/SI),8,10,0.8
Pantheon/Yuumi (DE/MT),Gnar/Ziggs (BC/NX),17,61,0.278688524590164
Pantheon/Yuumi (DE/MT),Jayce/Lux,17,25,0.68
Pantheon/Yuumi (DE/MT),Lee Sin/Zoe,19,43,0.441860465116279
Pantheon/Yuumi (DE/MT),Lucian/Zed,12,21,0.571428571428571
Pantheon/Yuumi (DE/MT),Miss Fortune/Quinn,109,165,0.660606060606061
Pantheon/Yuumi (DE/MT),Nami/Twisted Fate (BW/PZ),15,25,0.6
Pantheon/Yuumi (DE/MT),Pantheon/Taric (DE/MT),26,35,0.742857142857143
Pantheon/Yuumi (DE/MT),Pantheon/Taric/Yuumi (DE/MT),18,25,0.72
Pantheon/Yuumi (DE/MT),Pantheon/Yuumi (DE/MT),90,180,0.5
Pantheon/Yuumi (DE/MT),Pyke/Rek'Sai,97,168,0.577380952380952
Pantheon/Yuumi (DE/MT),Senna/Veigar,132,238,0.554621848739496
Pantheon/Yuumi (DE/MT),Taliyah/Ziggs,15,23,0.652173913043478
Pantheon/Yuumi (DE/MT),Trundle/Tryndamere (FR/SI),4,10,0.4
Pyke/Rek'Sai,Ahri/Lulu (IO/PZ),24,55,0.436363636363636
Pyke/Rek'Sai,Akshan/Gnar,48,129,0.372093023255814
Pyke/Rek'Sai,Akshan/Renekton (BC/SH),31,50,0.62
Pyke/Rek'Sai,Akshan/Sivir (DE/SH),57,110,0.518181818181818
Pyke/Rek'Sai,Anivia (FR/SI),5,11,0.454545454545455
Pyke/Rek'Sai,Aphelios/Lux/Zoe,8,20,0.4
Pyke/Rek'Sai,BandleTree,109,242,0.450413223140496
Pyke/Rek'Sai,Braum/Galio,17,25,0.68
Pyke/Rek'Sai,Caitlyn/Draven,4,10,0.4
Pyke/Rek'Sai,Caitlyn/Ezreal (NX/PZ),15,30,0.5
Pyke/Rek'Sai,Caitlyn/Senna,11,21,0.523809523809524
Pyke/Rek'Sai,Caitlyn/Teemo (BC/PZ),7,10,0.7
Pyke/Rek'Sai,Darius/Gnar (FR/NX),16,29,0.551724137931035
Pyke/Rek'Sai,Diana/Nocturne,7,11,0.636363636363636
Pyke/Rek'Sai,Draven/Ezreal,19,36,0.527777777777778
Pyke/Rek'Sai,Draven/Rumble (NX/PZ),28,79,0.354430379746835
Pyke/Rek'Sai,Draven/Sion (NX/PZ),6,14,0.428571428571429
Pyke/Rek'Sai,Draven/Sion/Vi,5,21,0.238095238095238
Pyke/Rek'Sai,Ekko/Zilean,22,35,0.628571428571429
Pyke/Rek'Sai,Elise (NX/SI),3,19,0.157894736842105
Pyke/Rek'Sai,Elise/Kindred/Vi,12,26,0.461538461538462
Pyke/Rek'Sai,Ezreal/Gnar,24,40,0.6
Pyke/Rek'Sai,Fizz/Gnar (BC/PZ),26,68,0.382352941176471
Pyke/Rek'Sai,Fizz/Gnar (BW/FR),11,20,0.55
Pyke/Rek'Sai,Fizz/Lulu (BC/PZ),29,63,0.46031746031746
Pyke/Rek'Sai,Fizz/Riven (BC/NX),41,88,0.465909090909091
Pyke/Rek'Sai,Fizz/Tristana/Yuumi (BC/PZ),10,20,0.5
Pyke/Rek'Sai,Fizz/Yuumi (BC/FR),2,10,0.2
Pyke/Rek'Sai,Galio/Gnar (DE/FR),23,31,0.741935483870968
Pyke/Rek'Sai,Galio/Shen,12,18,0.666666666666667
Pyke/Rek'Sai,Gangplank/Sejuani,21,56,0.375
Pyke/Rek'Sai,Gnar/Heimerdinger,6,10,0.6
Pyke/Rek'Sai,Gnar/Lulu/Yuumi (BC/DE),7,12,0.583333333333333
Pyke/Rek'Sai,Gnar/Sejuani,19,55,0.345454545454545
Pyke/Rek'Sai,Gnar/Sejuani (FR/PZ),5,14,0.357142857142857
Pyke/Rek'Sai,Gnar/Swain,50,93,0.537634408602151
Pyke/Rek'Sai,Gnar/Teemo/Tristana (BC/DE),62,143,0.433566433566434
Pyke/Rek'Sai,Gnar/Trundle (FR/PZ),117,300,0.39
Pyke/Rek'Sai,Gnar/Ziggs (BC/NX),46,88,0.522727272727273
Pyke/Rek'Sai,Heimerdinger/Jayce (PZ/SI),6,12,0.5
Pyke/Rek'Sai,Jayce/Lux,19,35,0.542857142857143
Pyke/Rek'Sai,Kindred/Viego (IO/SI),5,11,0.454545454545455
Pyke/Rek'Sai,Lee Sin/Yuumi/Zoe (IO/MT),5,10,0.5
Pyke/Rek'Sai,Lee Sin/Zoe,19,45,0.422222222222222
Pyke/Rek'Sai,Lissandra/Taliyah,14,15,0.933333333333333
Pyke/Rek'Sai,Lucian/Zed,5,10,0.5
Pyke/Rek'Sai,Miss Fortune/Quinn,133,264,0.503787878787879
Pyke/Rek'Sai,Nami/Twisted Fate (BW/PZ),23,37,0.621621621621622
Pyke/Rek'Sai,Pantheon/Taric (DE/MT),22,49,0.448979591836735
Pyke/Rek'Sai,Pantheon/Taric/Yuumi (DE/MT),25,38,0.657894736842105
Pyke/Rek'Sai,Pantheon/Yuumi (DE/MT),71,168,0.422619047619048
Pyke/Rek'Sai,Pyke/Rek'Sai,127,254,0.5
Pyke/Rek'Sai,Riven/Viktor,3,15,0.2
Pyke/Rek'Sai,Senna/Veigar,131,275,0.476363636363636
Pyke/Rek'Sai,Taliyah/Ziggs,15,29,0.517241379310345
Pyke/Rek'Sai,Teemo/Tristana/Yuumi,6,21,0.285714285714286
Pyke/Rek'Sai,Trundle/Tryndamere (FR/SI),8,16,0.5
Pyke/Rek'Sai,Yuumi (BC/DE),5,10,0.5
Riven/Viktor,Pyke/Rek'Sai,12,15,0.8
Riven/Viktor,Senna/Veigar,10,11,0.909090909090909
Rumble/Sion (NX/PZ),Gnar/Trundle (FR/PZ),6,12,0.5
Senna/Veigar,Ahri/Lulu (IO/PZ),20,38,0.526315789473684
Senna/Veigar,Akshan/Gnar,42,88,0.477272727272727
Senna/Veigar,Akshan/Renekton (BC/SH),11,27,0.407407407407407
Senna/Veigar,Akshan/Sivir (DE/SH),49,113,0.433628318584071
Senna/Veigar,Anivia (FR/SI),8,19,0.421052631578947
Senna/Veigar,Aphelios/Lux/Zoe,21,29,0.724137931034483
Senna/Veigar,BandleTree,71,241,0.294605809128631
Senna/Veigar,Braum/Galio,11,17,0.647058823529412
Senna/Veigar,Caitlyn/Ezreal (NX/PZ),22,48,0.458333333333333
Senna/Veigar,Caitlyn/Senna,7,14,0.5
Senna/Veigar,Darius/Gnar (FR/NX),16,31,0.516129032258065
Senna/Veigar,Diana/Nocturne,8,12,0.666666666666667
Senna/Veigar,Dragons (DE/MT),5,10,0.5
Senna/Veigar,Draven/Ezreal,20,29,0.689655172413793
Senna/Veigar,Draven/Rumble (NX/PZ),42,65,0.646153846153846
Senna/Veigar,Draven/Sion (NX/PZ),5,11,0.454545454545455
Senna/Veigar,Draven/Sion/Vi,11,18,0.611111111111111
Senna/Veigar,Ekko/Zilean,16,25,0.64
Senna/Veigar,Elise (NX/SI),10,16,0.625
Senna/Veigar,Elise/Kindred/Vi,12,26,0.461538461538462
Senna/Veigar,Ezreal/Gnar,17,20,0.85
Senna/Veigar,Fizz/Gnar (BC/PZ),36,59,0.610169491525424
Senna/Veigar,Fizz/Gnar (BW/FR),8,21,0.380952380952381
Senna/Veigar,Fizz/Lulu (BC/PZ),34,50,0.68
Senna/Veigar,Fizz/Riven (BC/NX),28,73,0.383561643835616
Senna/Veigar,Fizz/Teemo/Tristana (BC/DE),4,10,0.4
Senna/Veigar,Fizz/Tristana/Yuumi (BC/PZ),9,21,0.428571428571429
Senna/Veigar,Fizz/Yuumi (BC/FR),2,10,0.2
Senna/Veigar,Galio/Gnar (DE/FR),12,27,0.444444444444444
Senna/Veigar,Galio/Shen,11,24,0.458333333333333
Senna/Veigar,Gangplank/Miss Fortune (BW/NX),8,11,0.727272727272727
Senna/Veigar,Gangplank/Sejuani,24,37,0.648648648648649
Senna/Veigar,Gnar/Lulu/Yuumi (BC/DE),9,13,0.692307692307692
Senna/Veigar,Gnar/Sejuani,45,73,0.616438356164384
Senna/Veigar,Gnar/Sejuani (FR/PZ),6,15,0.4
Senna/Veigar,Gnar/Swain,50,93,0.537634408602151
Senna/Veigar,Gnar/Teemo/Tristana (BC/DE),49,134,0.365671641791045
Senna/Veigar,Gnar/Trundle (FR/PZ),132,269,0.490706319702602
Senna/Veigar,Gnar/Ziggs (BC/NX),72,113,0.63716814159292
Senna/Veigar,Jayce/Lux,12,33,0.363636363636364
Senna/Veigar,Kindred/Vi,8,14,0.571428571428571
Senna/Veigar,Kindred/Viego (IO/SI),8,16,0.5
Senna/Veigar,Lee Sin/Zoe,26,40,0.65
Senna/Veigar,Lucian/Zed,8,18,0.444444444444444
Senna/Veigar,Miss Fortune/Quinn,109,251,0.434262948207171
Senna/Veigar,Nami/Twisted Fate (BW/PZ),25,42,0.595238095238095
Senna/Veigar,Pantheon/Taric (DE/MT),19,38,0.5
Senna/Veigar,Pantheon/Taric/Yuumi (DE/MT),24,51,0.470588235294118
Senna/Veigar,Pantheon/Yuumi (DE/MT),106,238,0.445378151260504
Senna/Veigar,Pyke/Rek'Sai,144,275,0.523636363636364
Senna/Veigar,Riven/Viktor,1,11,0.0909090909090909
Senna/Veigar,Senna/Veigar,144,290,0.496551724137931
Senna/Veigar,Taliyah/Ziggs,4,24,0.166666666666667
Senna/Veigar,Teemo/Tristana/Yuumi,8,15,0.533333333333333
Senna/Veigar,Trundle/Tryndamere (FR/SI),9,18,0.5
Senna/Veigar,Xerath/Zilean (BC/SH),6,10,0.6
Taliyah/Ziggs,Akshan/Gnar,4,14,0.285714285714286
Taliyah/Ziggs,Akshan/Renekton (BC/SH),5,11,0.454545454545455
Taliyah/Ziggs,Akshan/Sivir (DE/SH),5,16,0.3125
Taliyah/Ziggs,BandleTree,8,21,0.380952380952381
Taliyah/Ziggs,Fizz/Gnar (BC/PZ),4,10,0.4
Taliyah/Ziggs,Gnar/Swain,3,11,0.272727272727273
Taliyah/Ziggs,Gnar/Teemo/Tristana (BC/DE),6,19,0.315789473684211
Taliyah/Ziggs,Gnar/Trundle (FR/PZ),12,28,0.428571428571429
Taliyah/Ziggs,Jayce/Lux,5,11,0.454545454545455
Taliyah/Ziggs,Miss Fortune/Quinn,12,30,0.4
Taliyah/Ziggs,Pantheon/Yuumi (DE/MT),8,23,0.347826086956522
Taliyah/Ziggs,Pyke/Rek'Sai,14,29,0.482758620689655
Taliyah/Ziggs,Senna/Veigar,20,24,0.833333333333333
Teemo/Tristana/Yuumi,BandleTree,8,11,0.727272727272727
Teemo/Tristana/Yuumi,Gnar/Teemo/Tristana (BC/DE),6,14,0.428571428571429
Teemo/Tristana/Yuumi,Gnar/Trundle (FR/PZ),13,25,0.52
Teemo/Tristana/Yuumi,Miss Fortune/Quinn,14,25,0.56
Teemo/Tristana/Yuumi,Pyke/Rek'Sai,15,21,0.714285714285714
Teemo/Tristana/Yuumi,Senna/Veigar,7,15,0.466666666666667
Teemo/Tristana/Yuumi,Teemo/Tristana/Yuumi,10,20,0.5
Trundle/Tryndamere (FR/SI),BandleTree,8,22,0.363636363636364
Trundle/Tryndamere (FR/SI),Gnar/Trundle (FR/PZ),9,19,0.473684210526316
Trundle/Tryndamere (FR/SI),Miss Fortune/Quinn,12,20,0.6
Trundle/Tryndamere (FR/SI),Pantheon/Yuumi (DE/MT),6,10,0.6
Trundle/Tryndamere (FR/SI),Pyke/Rek'Sai,8,16,0.5
Trundle/Tryndamere (FR/SI),Senna/Veigar,9,18,0.5
Xerath/Zilean (BC/SH),Senna/Veigar,4,10,0.4
Yuumi (BC/DE),BandleTree,12,17,0.705882352941177
Yuumi (BC/DE),Gnar/Trundle (FR/PZ),6,10,0.6
Yuumi (BC/DE),Pyke/Rek'Sai,5,10,0.5
