archetype_1,archetype_2,mu_win,mu_n,mu_wr
Akshan/Varus (SH/RU),Janna/Nilah (BW/PZ),5,7,0.714285714285714
Mordekaiser/Norra (BC/SI),Draven (FR/NX),5,7,0.714285714285714
Janna/Nilah (BW/PZ),Master Yi/Norra (BC/IO),5,7,0.714285714285714
Janna/Nilah (BW/PZ),Akshan/Varus (SH/RU),2,7,0.285714285714286
Draven (FR/NX),Mordekaiser/Norra (BC/SI),2,7,0.285714285714286
Master Yi/Norra (BC/IO),Janna/Nilah (BW/PZ),2,7,0.285714285714286
Heimerdinger/Viktor (IO/PZ),Janna/Nilah (BW/PZ),24,61,0.39344262295082
Janna/Nilah (BW/PZ),Heimerdinger/Viktor (IO/PZ),37,61,0.60655737704918
Elise/Nocturne (SI),Heimerdinger/Viktor (IO/PZ),2,4,0.5
Heimerdinger/Viktor (IO/PZ),Elise/Nocturne (SI),2,4,0.5
Galio/Jarvan IV (DE/FR),Kayle/Lillia (IO/MT),2,4,0.5
Kayle/Lillia (IO/MT),Galio/Jarvan IV (DE/FR),2,4,0.5
Aatrox/Galio (RU/DE),Kayle/Lillia (IO/MT),2,4,0.5
Kayle/Lillia (IO/MT),Aatrox/Galio (RU/DE),2,4,0.5
Mordekaiser (BC/SI),Kayle/Lillia (IO/MT),2,4,0.5
Kayle/Lillia (IO/MT),Mordekaiser (BC/SI),2,4,0.5
Jayce/Lux (DE/PZ),Kindred/Morgana (DE/SI),2,4,0.5
Kindred/Morgana (DE/SI),Jayce/Lux (DE/PZ),2,4,0.5
Jayce/Lux (DE/PZ),Elise/Nocturne (NX/SI),2,4,0.5
Elise/Nocturne (NX/SI),Jayce/Lux (DE/PZ),2,4,0.5
Renekton/Sivir (FR/SH),Lee Sin/Zoe (IO/MT),2,4,0.5
Lee Sin/Zoe (IO/MT),Renekton/Sivir (FR/SH),2,4,0.5
Elise/Nocturne (NX/SI),Lee Sin/Zoe (IO/MT),2,4,0.5
Lee Sin/Zoe (IO/MT),Elise/Nocturne (NX/SI),2,4,0.5
Lee Sin/Zoe (IO/MT),Lee Sin/Zoe (IO/MT),2,4,0.5
Janna/Nilah (BW/PZ),Lee Sin/Zoe (IO/MT),2,4,0.5
Lee Sin/Zoe (IO/MT),Janna/Nilah (BW/PZ),2,4,0.5
Ahri/Katarina (IO/NX),Elise/Nocturne (NX/SI),2,4,0.5
Elise/Nocturne (NX/SI),Ahri/Katarina (IO/NX),2,4,0.5
Mordekaiser/Norra (BC/SI),Morgana (DE/SI),2,4,0.5
Morgana (DE/SI),Mordekaiser/Norra (BC/SI),2,4,0.5
Akshan/Varus (SH/RU),Akshan/Varus (SH/RU),2,4,0.5
Galio/Lux: Illuminated (DE/IO),Mordekaiser/Norra (BC/SI),2,4,0.5
Mordekaiser/Norra (BC/SI),Galio/Lux: Illuminated (DE/IO),2,4,0.5
Akshan/Lee Sin (IO/SH),Akshan/Lee Sin (IO/SH),2,4,0.5
Kindred/Mordekaiser (BC/SI),Elise/Nocturne (NX/SI),2,4,0.5
Elise/Nocturne (NX/SI),Kindred/Mordekaiser (BC/SI),2,4,0.5
Akshan/Lee Sin (IO/SH),Ezreal/Heimerdinger (PZ/SI),2,4,0.5
Ezreal/Heimerdinger (PZ/SI),Akshan/Lee Sin (IO/SH),2,4,0.5
Senna/Viktor (PZ/SI),Senna/Viktor (PZ/SI),2,4,0.5
Draven (FR/NX),Draven (FR/NX),2,4,0.5
Norra/Zoe (BC/MT),Janna/Nilah (BW/PZ),1,1,1
Katarina/LeBlanc (FR/NX),Heimerdinger/Viktor (IO/PZ),1,1,1
Fizz/Zoe (BW/MT),Heimerdinger/Viktor (IO/PZ),1,1,1
Heimerdinger/Viktor (IO/PZ),Aatrox/Galio (RU/DE),1,1,1
Janna/Nilah (BW/PZ),Katarina/LeBlanc (FR/NX),1,1,1
Norra/Zoe (BC/MT),Pyke/Rek'Sai (BW/SH),1,1,1
Kayle/Lillia (IO/MT),Draven (FR/NX),1,1,1
Kayle/Lillia (IO/MT),Mordekaiser (SI),1,1,1
Mordekaiser (SI),Lissandra/Trundle (FR/IO),1,1,1
Lissandra/Trundle (FR/IO),Akshan/Lee Sin (IO/SH),1,1,1
Pyke/Rek'Sai (BW/SH),Kayle/Morgana (IO/MT),1,1,1
Elise/Nocturne (NX/SI),Ezreal/Kennen (IO/PZ),1,1,1
Kayle/Zed (IO/MT),Janna/Nilah (BW/PZ),1,1,1
Master Yi/Norra (BC/IO),Kayle/Lillia (IO/MT),1,1,1
Draven/Rumble (BC/NX),Elise (NX/SI),1,1,1
Draven/Rumble (BC/NX),Elise/Nocturne (SI),1,1,1
Kayle/Lillia (IO/MT),LeBlanc/Udyr (FR/NX),1,1,1
Elise/Mordekaiser (FR/SI),Aatrox/Galio (RU/DE),1,1,1
Championless (FR/NX),Katarina/Sejuani (FR/NX),1,1,1
Katarina/Sejuani (FR/NX),Mordekaiser/Norra (BC/SI),1,1,1
Katarina/Sejuani (FR/NX),LeBlanc (FR/NX),1,1,1
Elise/Mordekaiser (FR/SI),Kayle/Lillia (IO/MT),1,1,1
Elise/Mordekaiser (FR/SI),Mordekaiser/Norra (BC/SI),1,1,1
Lissandra/Trundle (FR/IO),Elise/Nocturne (SI),1,1,1
Akshan/Pantheon (MT/SH),Kindred/Nocturne (PZ/SI),1,1,1
Kindred/Nocturne (PZ/SI),Heimerdinger/Viktor (IO/PZ),1,1,1
Draven/Rumble (BC/NX),Lissandra/Trundle (FR/IO),1,1,1
Lissandra/Trundle (FR/IO),Heimerdinger/Viktor (IO/PZ),1,1,1
Fizz/Zoe (BW/MT),Lissandra/Trundle (FR/IO),1,1,1
Morgana/Udyr (DE/FR),Lissandra/Trundle (FR/IO),1,1,1
Janna/Nilah (BW/PZ),Ahri/Kennen (BW/IO),1,1,1
Kindred/Nocturne (PZ/SI),Mordekaiser/Norra (BC/SI),1,1,1
Elise/Mordekaiser (FR/SI),Ezreal/Janna/Nilah (BW/PZ),1,1,1
Elise/Mordekaiser (FR/SI),Kindred/Mordekaiser (BC/SI),1,1,1
Kindred/Mordekaiser (BC/SI),Katarina/LeBlanc (FR/NX),1,1,1
Kindred/Mordekaiser (BC/SI),Ahri/Katarina (IO/NX),1,1,1
Yuumi/Zoe (FR/MT),Elise/Mordekaiser (FR/SI),1,1,1
Kindred/Mordekaiser (BC/SI),Aatrox/Galio (RU/DE),1,1,1
Kindred/Mordekaiser (BC/SI),Galio/Jarvan IV (DE/FR),1,1,1
Kayle/Zoe (BW/MT),Kindred/Mordekaiser (BC/SI),1,1,1
Aatrox/Jarvan IV/Quinn (RU/DE),Kayle/Lillia (IO/MT),1,1,1
Kayle/Lillia (IO/MT),Aatrox/Jarvan IV (RU/DE),1,1,1
Kayle/Lillia (IO/MT),Yuumi/Zoe (FR/MT),1,1,1
Kindred/Mordekaiser (BC/SI),Akshan/Lee Sin (IO/SH),1,1,1
Fizz/Katarina/Miss Fortune (BW/NX),Kindred/Mordekaiser (BC/SI),1,1,1
Kindred/Mordekaiser (BC/SI),Braum/Yuumi (FR/MT),1,1,1
Yuumi/Zoe (FR/MT),Ahri (IO/SI),1,1,1
Akshan/Lee Sin (IO/SH),Ezreal/Nilah (BW/PZ),1,1,1
Akshan/Lee Sin (IO/SH),Jayce/Lux (DE/PZ),1,1,1
Elise/Nocturne (SI),Trundle/Tryndamere (FR/SI),1,1,1
Elise/Nocturne (SI),Akshan/Lee Sin (IO/SH),1,1,1
Braum/Yuumi (FR/MT),Janna/Nilah (BW/PZ),1,1,1
Kayle/Lillia (IO/MT),Draven/Sion (NX/PZ),1,1,1
Kayle/Lillia (IO/MT),Ryze (RU/SH),1,1,1
Kayle/Lillia (IO/MT),Kindred/Mordekaiser/Norra (BC/SI),1,1,1
Kayle/Lillia (IO/MT),Braum/Yuumi (FR/MT),1,1,1
Kayle/Lillia (IO/MT),Draven/Sion (BC/NX),1,1,1
Elise/Nocturne (SI),Pantheon/Yuumi (DE/MT),1,1,1
Jayce/Lux (DE/PZ),Elise/Nocturne (SI),1,1,1
Kayle/Lillia (IO/MT),Jarvan IV/Udyr (DE/FR),1,1,1
Mordekaiser/Morgana (DE/SI),Morgana/Udyr (DE/FR),1,1,1
Aatrox/Kayn (RU/RU),Lillia/Norra (BC/IO),1,1,1
Mordekaiser (BC/SI),Kindred/Mordekaiser (BC/SI),1,1,1
Kindred/Mordekaiser (BC/SI),Kindred/Mordekaiser/Viktor (PZ/SI),1,1,1
Jayce (FR/PZ),Janna/Nilah (BW/PZ),1,1,1
Kindred/Mordekaiser (BC/SI),Renekton/Sivir (FR/SH),1,1,1
Yuumi/Zoe (IO/MT),Kindred/Mordekaiser (BC/SI),1,1,1
Draven/Rumble (BC/NX),Lee Sin/Master Yi/Viktor (IO/PZ),1,1,1
Heimerdinger/Viktor (IO/PZ),Miss Fortune/Quinn (BW/DE),1,1,1
Mordekaiser/Norra (BC/SI),Galio/Jarvan IV (DE/FR),1,1,1
Mordekaiser/Norra (BC/SI),Akshan (DE/SH),1,1,1
Mordekaiser (BC/SI),Kindred/Nocturne (PZ/SI),1,1,1
Pyke/Rek'Sai (BW/SH),Heimerdinger/Jayce (PZ/SI),1,1,1
Heimerdinger/Jayce (PZ/SI),Jayce/Lux (DE/PZ),1,1,1
Janna/Nilah (BW/PZ),Ezreal/Kennen (IO/PZ),1,1,1
Draven/Rumble (BC/NX),Kayle/Zed (IO/MT),1,1,1
Nocturne (NX/SI),Braum/Norra (BC/FR),1,1,1
Mordekaiser/Norra (BC/SI),Mordekaiser (BC/SI),1,1,1
Kayle/Lillia (IO/MT),Mordekaiser/Morgana (DE/SI),1,1,1
Draven/Rumble (BC/NX),Renekton/Sivir (FR/SH),1,1,1
Elise/Nocturne (NX/SI),Lux: Illuminated/Morgana (DE/IO),1,1,1
Elise/Mordekaiser (FR/SI),Mordekaiser (BC/SI),1,1,1
Elise/Mordekaiser (FR/SI),Heimerdinger/Viktor (IO/PZ),1,1,1
Kindred/Morgana (DE/SI),Ryze (RU/SI),1,1,1
LeBlanc/Sion (FR/NX),Akshan/Lee Sin (IO/SH),1,1,1
Kindred/Morgana (DE/SI),Kindred/Mordekaiser (BC/SI),1,1,1
Janna/Nilah (BW/PZ),Mordekaiser/Nocturne (MT/SI),1,1,1
Janna/Nilah (BW/PZ),Miss Fortune/Quinn (BW/DE),1,1,1
Galio/Jarvan IV (DE/FR),Janna/Nilah (BW/PZ),1,1,1
LeBlanc/Sion (FR/NX),Lillia/Lux: Illuminated (DE/IO),1,1,1
LeBlanc/Sion (FR/NX),Elise/Nocturne (MT/SI),1,1,1
Lillia/Lux: Illuminated (DE/IO),Kindred/Morgana (DE/SI),1,1,1
Pyke/Rek'Sai (BW/SH),Elise/Nocturne (MT/SI),1,1,1
Renekton/Sivir (FR/SH),Kayle/Zed (IO/MT),1,1,1
Renekton/Sivir (FR/SH),Kindred/Morgana (DE/SI),1,1,1
Katarina/LeBlanc (FR/NX),Kayle/Lillia (IO/MT),1,1,1
Akshan/Lee Sin (IO/SH),Kayle/Lillia (IO/MT),1,1,1
LeBlanc/Sion (FR/NX),Mordekaiser (BC/SI),1,1,1
Fizz/Yuumi (BC/DE),Kayle/Zed (IO/MT),1,1,1
Kindred/Mordekaiser/Norra (BC/SI),Kayle/Zed (IO/MT),1,1,1
LeBlanc/Sion (FR/NX),Lee Sin/Zoe (IO/MT),1,1,1
Akshan/Lee Sin (IO/SH),LeBlanc/Udyr (FR/NX),1,1,1
Elise/Nocturne (NX/SI),Renekton/Sivir (FR/SH),1,1,1
Lee Sin/Zoe (IO/MT),Katarina/LeBlanc (FR/NX),1,1,1
Braum/Norra (BC/FR),LeBlanc/Sion (FR/NX),1,1,1
Kayle/Lillia (IO/MT),Fizz/Yuumi (BC/DE),1,1,1
Mordekaiser (BC/SI),Lux/Udyr (DE/FR),1,1,1
Galio/Jarvan IV (DE/FR),Renekton/Sivir (FR/SH),1,1,1
LeBlanc/Udyr (FR/NX),Renekton/Sivir (FR/SH),1,1,1
Renekton/Sivir (FR/SH),Trundle/Tryndamere (FR/SI),1,1,1
Championless (FR/NX),LeBlanc/Sion (FR/NX),1,1,1
Lissandra/Trundle (FR/SI),LeBlanc/Sion (FR/NX),1,1,1
Heimerdinger/Viktor (IO/PZ),LeBlanc/Udyr (FR/NX),1,1,1
Lissandra/Trundle (FR/SI),Lee Sin/Zoe (IO/MT),1,1,1
Lee Sin/Zoe (IO/MT),LeBlanc/Udyr (FR/NX),1,1,1
Draven/Rumble (BC/NX),Draven/Sion (NX/PZ),1,1,1
Lissandra/Trundle (FR/SI),Draven/Rumble (BC/NX),1,1,1
Lee Sin/Zoe (IO/MT),Kayle/Lillia (IO/MT),1,1,1
Lee Sin/Zoe (IO/MT),Aatrox/Morgana (RU/DE),1,1,1
Lee Sin/Zoe (IO/MT),Yuumi/Zoe (IO/MT),1,1,1
Lee Sin/Zoe (IO/MT),Kayle/Zed (IO/MT),1,1,1
Norra/Sejuani (BC/FR),Lee Sin/Zoe (IO/MT),1,1,1
Lee Sin/Zoe (IO/MT),Morgana/Udyr (DE/FR),1,1,1
Janna/Nilah (BW/PZ),Akshan/Master Yi (IO/SH),1,1,1
Janna/Nilah (BW/PZ),LeBlanc/Udyr (FR/NX),1,1,1
Lee Sin/Zoe (IO/MT),Kindred/Mordekaiser (BC/SI),1,1,1
Janna/Nilah (BW/PZ),Heimerdinger/Master Yi (IO/PZ),1,1,1
Elise/Nocturne (NX/SI),LeBlanc/Sion (FR/NX),1,1,1
Pyke/Rek'Sai (BW/SH),Lee Sin/Zoe (IO/MT),1,1,1
Akshan/Pantheon (MT/SH),Kindred/Morgana (DE/SI),1,1,1
Akshan/Pantheon (MT/SH),Lee Sin/Zoe (IO/MT),1,1,1
Akshan/Lee Sin (IO/SH),Thresh/Trundle (FR/SI),1,1,1
Draven/Rumble (BC/NX),Janna (IO/PZ),1,1,1
Aatrox/Jarvan IV/Morgana (RU/DE),Rumble/Sion (BC/NX),1,1,1
Heimerdinger/Viktor (IO/PZ),Janna (IO/PZ),1,1,1
Aatrox/Jarvan IV/Morgana (RU/DE),Lee Sin/Master Yi/Viktor (IO/PZ),1,1,1
Norra/Sejuani (BC/FR),Draven/Rumble (BC/NX),1,1,1
Akshan/Pantheon (MT/SH),Nocturne (SI),1,1,1
Akshan/Lee Sin (IO/SH),Lux: Illuminated/Morgana (DE/IO),1,1,1
Akshan/Lee Sin (IO/SH),Nocturne (SI),1,1,1
Aatrox/Morgana (RU/DE),Aatrox/Jarvan IV/Morgana (RU/DE),1,1,1
Aatrox/Jarvan IV/Morgana (RU/DE),Pantheon/Varus (MT/RU),1,1,1
Championless (MT/SI),Janna/Nilah (BW/PZ),1,1,1
Morgana/Senna (MT/SI),Janna/Nilah (BW/PZ),1,1,1
Morgana/Senna (MT/SI),Mordekaiser/Norra (BC/SI),1,1,1
Morgana/Senna (MT/SI),Elise/Nocturne (NX/SI),1,1,1
Mordekaiser/Norra (BC/SI),Kindred (MT/SI),1,1,1
Mordekaiser/Norra (BC/SI),Fizz/Viktor (BW/PZ),1,1,1
Mordekaiser (SI),Morgana (MT/SI),1,1,1
Mordekaiser (SI),Lillia/Zilean (IO/SH),1,1,1
Mordekaiser (SI),Quinn/Udyr (DE/FR),1,1,1
Heimerdinger/Viktor (IO/PZ),Senna (PZ/SI),1,1,1
Braum/Trundle (FR/SI),Mordekaiser (SI),1,1,1
Braum/Trundle (BC/FR),Quinn/Udyr (DE/FR),1,1,1
Aatrox/Kayn (RU/RU),Quinn/Udyr (DE/FR),1,1,1
Braum/Trundle (FR/SI),Ezreal/Kennen (IO/PZ),1,1,1
Aatrox/Kayn (RU/RU),Elise/Nocturne (SI),1,1,1
Akshan/Lee Sin (IO/SH),Lissandra/Trundle (FR/SI),1,1,1
Lissandra/Trundle (FR/SI),Quinn/Udyr (DE/FR),1,1,1
Aatrox/Kayn (RU/RU),Mordekaiser (IO/SI),1,1,1
Norra/Trundle (BC/FR),Jayce/Lux (DE/PZ),1,1,1
Norra/Trundle (BC/FR),Mordekaiser (PZ/SI),1,1,1
Zilean (IO/SH),Janna/Nilah (BW/PZ),1,1,1
Norra/Trundle (BC/FR),Kayn (BW/RU),1,1,1
Akshan/Renekton (NX/SH),Mordekaiser/Morgana (DE/SI),1,1,1
Elise/Nocturne (NX/SI),Elise (NX/SI),1,1,1
Elise/Nocturne (NX/SI),Miss Fortune (BW/NX),1,1,1
Quinn/Udyr (DE/FR),Mordekaiser (PZ/SI),1,1,1
Quinn/Udyr (DE/FR),Ezreal/Nilah (BW/PZ),1,1,1
Katarina/Miss Fortune (BW/NX),Janna/Nilah (BW/PZ),1,1,1
Elise/Nocturne (NX/SI),Quinn/Udyr (DE/FR),1,1,1
Quinn/Udyr (DE/FR),Akshan/Renekton (NX/SH),1,1,1
Nocturne (SI),Elise/Nocturne (NX/SI),1,1,1
Elise/Nocturne (NX/SI),Draven/Janna (NX/PZ),1,1,1
Mordekaiser (SI),Senna (PZ/SI),1,1,1
Janna/Nilah (BW/PZ),Jarvan IV/Udyr (DE/FR),1,1,1
Elise/Nocturne (NX/SI),Draven/Norra (BC/NX),1,1,1
Elise/Nocturne (NX/SI),Viktor/Zoe (MT/PZ),1,1,1
Janna/Nilah (BW/PZ),Diana/Viktor (MT/PZ),1,1,1
Janna/Nilah (BW/PZ),Miss Fortune (BW/NX),1,1,1
Janna/Nilah (BW/PZ),Ezreal/Kindred (PZ/SI),1,1,1
Heimerdinger/Viktor (IO/PZ),Nocturne (MT/SI),1,1,1
Janna/Nilah (BW/PZ),Ahri/Katarina (IO/NX),1,1,1
Morgana/Trundle (DE/FR),Elise/Nocturne (NX/SI),1,1,1
Morgana/Trundle (DE/FR),Mordekaiser/Norra (BC/SI),1,1,1
Morgana/Trundle (DE/FR),Draven/Rumble (BC/NX),1,1,1
Mordekaiser/Norra (BC/SI),Miss Fortune/Sejuani (BW/FR),1,1,1
Morgana (DE/SI),Akshan/Sivir (DE/SH),1,1,1
Morgana/Trundle (DE/FR),Janna/Nilah (BW/PZ),1,1,1
Kayle/Lillia (IO/MT),Elise/Mordekaiser/Nocturne (NX/SI),1,1,1
Elise/Mordekaiser/Nocturne (NX/SI),Pyke/Rek'Sai (BW/SH),1,1,1
Morgana/Trundle (DE/FR),Akshan/Sivir (NX/SH),1,1,1
Morgana (DE/SI),Kayle/Lillia (IO/MT),1,1,1
Heimerdinger/Viktor (IO/PZ),Akshan/Sivir (DE/SH),1,1,1
Elise/Nocturne (NX/SI),Draven/Varus (NX/RU),1,1,1
Ezreal/Kennen (IO/PZ),Akshan/Lee Sin (IO/SH),1,1,1
Draven/Varus (NX/RU),Morgana/Udyr (DE/FR),1,1,1
Morgana (DE/SI),Akshan/Varus (SH/RU),1,1,1
Draven/Sejuani (FR/NX),Aatrox/Kayn (RU/RU),1,1,1
Elise/Nocturne (NX/SI),Akshan/Morgana/Pantheon (MT/SH),1,1,1
Mordekaiser (SI),Norra/Trundle (BC/FR),1,1,1
Akshan/Sivir (DE/SH),Draven/Varus (NX/RU),1,1,1
Mordekaiser (SI),Lillia/Rumble (IO/NX),1,1,1
Jarvan IV/Kayn (DE/RU),Heimerdinger/Viktor (IO/PZ),1,1,1
Heimerdinger/Viktor (IO/PZ),Ezreal (BW/PZ),1,1,1
Kayle/Zed (IO/MT),Mordekaiser (SI),1,1,1
Draven/Sejuani (FR/NX),Pyke/Rek'Sai (BW/SH),1,1,1
Ezreal/Nilah (BW/PZ),Ezreal (BW/PZ),1,1,1
LeBlanc/Sivir (NX/SH),Ezreal (BW/PZ),1,1,1
Akshan/Pantheon (MT/SH),Braum/Norra (BC/FR),1,1,1
Janna/Nilah (BW/PZ),Norra (BC/FR),1,1,1
Ezreal (PZ/SI),Championless (BW/SI),1,1,1
Draven/Katarina (DE/NX),Ezreal (PZ/SI),1,1,1
Pyke/Rek'Sai (BW/SH),Ezreal (PZ/SI),1,1,1
Master Yi/Zoe (IO/MT),Ezreal (PZ/SI),1,1,1
Braum/Norra (BC/FR),Kindred/Mordekaiser (BC/SI),1,1,1
Braum/Norra (BC/FR),Akshan/Varus (SH/RU),1,1,1
Miss Fortune/Nilah (BW/NX),Master Yi/Zoe (IO/MT),1,1,1
Draven/Katarina (DE/NX),Braum/Norra (BC/FR),1,1,1
Braum/Norra (BC/FR),Norra (BC/FR),1,1,1
Akshan (SH),Braum/Norra (BC/FR),1,1,1
Diana/Vi (MT/PZ),Janna/Nilah (BW/PZ),1,1,1
Elise/Nocturne (NX/SI),Jhin/Viktor (RU/PZ),1,1,1
Master Yi/Zoe (IO/MT),Fizz (BW/FR),1,1,1
Master Yi/Zoe (IO/MT),Akshan/Varus (SH/RU),1,1,1
Draven/Sejuani (FR/NX),Kindred/Senna (IO/SI),1,1,1
Janna/Nilah (BW/PZ),Senna (PZ/SI),1,1,1
Mordekaiser/Norra (BC/SI),Mordekaiser (PZ/SI),1,1,1
Janna/Nilah (BW/PZ),Akshan/Sivir (NX/SH),1,1,1
Ahri/Katarina (IO/NX),Braum/Norra (BC/FR),1,1,1
Braum/Norra (BC/FR),Draven/Rumble (BC/NX),1,1,1
Diana/Viktor (MT/PZ),Ezreal (PZ/SI),1,1,1
Ezreal (PZ/SI),Senna (PZ/SI),1,1,1
Draven/Sejuani (FR/NX),Miss Fortune (BW/NX),1,1,1
Draven (FR/NX),Akshan/Sivir (PZ/SH),1,1,1
Mordekaiser (SI),Akshan/Sivir (PZ/SH),1,1,1
Trundle/Tryndamere (FR/MT),Morgana/Norra (BC/DE),1,1,1
Morgana/Norra (BC/DE),Master Yi/Viktor (IO/PZ),1,1,1
Morgana/Norra (BC/DE),Ezreal (PZ/SI),1,1,1
Championless (PZ/SI),Mordekaiser (SI),1,1,1
Mordekaiser (SI),Kindred/Morgana (DE/SI),1,1,1
Mordekaiser (SI),Jayce/Lux (DE/PZ),1,1,1
Draven/Sejuani (FR/NX),Draven/Janna (NX/PZ),1,1,1
Draven/Sejuani (FR/NX),Morgana (DE/SI),1,1,1
Mordekaiser (SI),Diana/Vi (MT/PZ),1,1,1
Jhin/Kennen (IO/RU),Mordekaiser/Norra (BC/SI),1,1,1
Heimerdinger/Viktor (IO/PZ),Azir/Renekton (SH),1,1,1
Azir/Norra (BC/SH),Draven/Sejuani (FR/NX),1,1,1
Heimerdinger/Viktor (IO/PZ),Miss Fortune/Sejuani (BW/FR),1,1,1
Heimerdinger/Viktor (IO/PZ),Trundle/Tryndamere (FR/MT),1,1,1
Kindred/Morgana (DE/SI),Viktor/Zoe (MT/PZ),1,1,1
Kindred/Morgana (DE/SI),Elise (NX/SI),1,1,1
Heimerdinger/Viktor (IO/PZ),Ezreal (PZ/SI),1,1,1
Morgana/Norra (BC/DE),Kindred/Morgana (DE/SI),1,1,1
Aatrox/Kayn (RU/RU),Norra/Trundle (BC/FR),1,1,1
Galio/Udyr (DE/FR),Kindred/Morgana (DE/SI),1,1,1
Master Yi/Zoe (IO/MT),Lillia/Norra (BC/IO),1,1,1
Elise/Nocturne (NX/SI),Trundle/Tryndamere (FR/MT),1,1,1
Master Yi/Zoe (IO/MT),Akshan (SH),1,1,1
Janna/Nilah (BW/PZ),Heimerdinger/Norra (BC/FR),1,1,1
Yuumi/Zoe (DE/MT),Janna/Nilah (BW/PZ),1,1,1
Braum/Zoe (FR/MT),Janna/Nilah (BW/PZ),1,1,1
Master Yi/Zoe (IO/MT),Trundle/Tryndamere (FR/MT),1,1,1
Master Yi/Zoe (IO/MT),Norra (BC/FR),1,1,1
Master Yi/Zoe (IO/MT),Azir/Zed (IO/SH),1,1,1
Master Yi/Zoe (IO/MT),Lissandra/Trundle (FR/SI),1,1,1
Master Yi/Zoe (IO/MT),Morgana/Zoe (MT/SH),1,1,1
Ahri/Katarina (IO/NX),Galio/Udyr (DE/FR),1,1,1
Norra/Trundle (BC/FR),Ahri/Katarina (IO/NX),1,1,1
Pyke/Rek'Sai (BW/SH),Aatrox/Kayn (RU/RU),1,1,1
Pyke/Rek'Sai (BW/SH),Diana/Viktor (MT/PZ),1,1,1
Pyke/Rek'Sai (BW/SH),Trundle/Tryndamere (FR/MT),1,1,1
Pyke/Rek'Sai (BW/SH),Jayce/Lux (DE/PZ),1,1,1
Pyke/Rek'Sai (BW/SH),Trundle/Tryndamere (FR/NX),1,1,1
Akshan/Varus (SH/RU),Pyke/Rek'Sai (BW/SH),1,1,1
Elise/Nocturne (SI),Norra (BC/IO),1,1,1
Mordekaiser (SI),Morgana/Norra (BC/DE),1,1,1
Kayle/Lillia (IO/MT),Janna/Sejuani (FR/PZ),1,1,1
Elise/Nocturne (SI),Heimerdinger/Jayce (PZ/SI),1,1,1
Master Yi/Zoe (IO/MT),Kayle/Lillia (IO/MT),1,1,1
Ahri/Katarina (IO/NX),Master Yi/Zoe (IO/MT),1,1,1
Lissandra/Trundle (FR/SI),Ahri/Katarina (IO/NX),1,1,1
Elise/Nocturne (NX/SI),Lissandra/Trundle (FR/SI),1,1,1
Elise/Nocturne (NX/SI),Lillia/Norra (BC/IO),1,1,1
Ahri/Katarina (IO/NX),Mordekaiser/Morgana (DE/SI),1,1,1
Master Yi/Zoe (IO/MT),Mordekaiser (PZ/SI),1,1,1
Ezreal/Nilah (BW/PZ),Championless (PZ/SI),1,1,1
Mordekaiser/Norra (BC/SI),Norra (BC/PZ),1,1,1
Draven/Sejuani (FR/NX),Jhin/Kennen (IO/RU),1,1,1
Morgana/Udyr (DE/FR),Norra (BC/PZ),1,1,1
Norra (BC/PZ),Lissandra/Trundle (FR/SI),1,1,1
Elise/Nocturne (SI),Master Yi/Zoe (IO/MT),1,1,1
Janna/Nilah (BW/PZ),Diana/Nocturne (MT/SI),1,1,1
Morgana/Trundle (DE/FR),Ezreal/Nilah (BW/PZ),1,1,1
Kindred/Mordekaiser (SI),Pyke/Rek'Sai (BW/SH),1,1,1
Ahri/Katarina (IO/NX),Pyke/Rek'Sai (BW/SH),1,1,1
Janna/Nilah (BW/PZ),Akshan/Renekton (FR/SH),1,1,1
Kindred/Mordekaiser (SI),Elise/Nocturne (NX/SI),1,1,1
Janna/Sejuani (FR/PZ),Championless (SI),1,1,1
Janna/Nilah (BW/PZ),Heimerdinger/Jayce (PZ/SI),1,1,1
Mordekaiser (SI),Championless (SI),1,1,1
Morgana/Udyr (DE/FR),Championless (SI),1,1,1
Mordekaiser (SI),Mordekaiser/Nocturne (SI),1,1,1
Championless (SI),Mordekaiser/Norra (BC/SI),1,1,1
Championless (SI),Mordekaiser/Morgana (DE/SI),1,1,1
Master Yi/Zoe (IO/MT),Championless (PZ/SI),1,1,1
Morgana/Udyr (FR/MT),Championless (PZ/SI),1,1,1
Pyke/Rek'Sai (BW/SH),Master Yi/Zoe (IO/MT),1,1,1
Morgana/Udyr (FR/MT),Mordekaiser/Norra (BC/SI),1,1,1
Ahri/Katarina (IO/NX),Mordekaiser/Norra (BC/SI),1,1,1
Morgana/Norra (BC/DE),Aatrox/Kayn (RU/RU),1,1,1
Ahri/Katarina (IO/NX),Championless (PZ/SI),1,1,1
Master Yi/Zoe (IO/MT),Akshan/Master Yi (IO/SH),1,1,1
Heimerdinger/Viktor (IO/PZ),Akshan/Master Yi (IO/SH),1,1,1
Ezreal/Jhin (RU/PZ),Pyke/Rek'Sai (BW/SH),1,1,1
Pyke/Rek'Sai (BW/SH),Draven (FR/NX),1,1,1
Pyke/Rek'Sai (BW/SH),Aatrox/Morgana (RU/DE),1,1,1
Viktor/Zoe (MT/PZ),Jayce/Lux (DE/PZ),1,1,1
Jayce/Lux (DE/PZ),Janna/Sejuani (FR/PZ),1,1,1
Jayce/Lux (DE/PZ),Yuumi/Zoe (FR/MT),1,1,1
Jayce/Lux (DE/PZ),Ahri/Katarina (IO/NX),1,1,1
Mordekaiser/Norra (BC/SI),Trundle/Tryndamere (FR/PZ),1,1,1
Jhin/Kennen (IO/RU),Pyke/Rek'Sai (BW/SH),1,1,1
Jhin/Kennen (IO/RU),Janna/Sejuani (FR/PZ),1,1,1
Mordekaiser/Norra (BC/SI),Braum/Yuumi (FR/MT),1,1,1
Heimerdinger/Viktor (IO/PZ),Norra (BC/MT),1,1,1
Akshan/Lee Sin (IO/SH),Championless (SI),1,1,1
Elise/Nocturne (SI),Morgana/Norra (BC/DE),1,1,1
Elise/Nocturne (SI),Mordekaiser/Sion (NX/SI),1,1,1
Mordekaiser (SI),Viktor/Zoe (MT/PZ),1,1,1
Mordekaiser/Norra (BC/SI),Akshan/Varus (SH/RU),1,1,1
Draven/Rumble (BC/NX),Norra (BC/PZ),1,1,1
Draven/Janna (NX/PZ),Master Yi/Zoe (IO/MT),1,1,1
Master Yi/Zoe (IO/MT),Morgana/Udyr (DE/FR),1,1,1
Lux/Udyr (DE/FR),Morgana/Udyr (DE/FR),1,1,1
Draven/Rumble (BC/NX),Championless (SI),1,1,1
Championless (SI),Mordekaiser/Sion (NX/SI),1,1,1
Janna/Sejuani (FR/PZ),Akshan/Fizz (BC/SH),1,1,1
Braum/Heimerdinger (FR/PZ),Jayce/Lux (DE/PZ),1,1,1
Braum/Heimerdinger (FR/PZ),Pyke/Rek'Sai (BW/SH),1,1,1
Akshan/Lee Sin (IO/SH),Braum/Heimerdinger (FR/PZ),1,1,1
Mordekaiser/Sion (NX/SI),Mordekaiser (SI),1,1,1
Viktor/Zoe (MT/PZ),Elise/Nocturne (SI),1,1,1
Aatrox/Morgana (RU/DE),Viktor/Zoe (MT/PZ),1,1,1
Pyke/Rek'Sai (BW/SH),Viktor/Zoe (MT/PZ),1,1,1
Ezreal/Nilah (BW/PZ),Pyke/Rek'Sai (BW/SH),1,1,1
Janna/Sejuani (FR/PZ),Ezreal (PZ/SI),1,1,1
Janna/Sejuani (FR/PZ),Braum/Heimerdinger (FR/PZ),1,1,1
Janna/Sejuani (FR/PZ),Championless (IO/SI),1,1,1
Lee Sin/Udyr (FR/IO),Akshan/Fizz (BC/SH),1,1,1
Lee Sin/Udyr (FR/IO),Heimerdinger/Viktor (IO/PZ),1,1,1
Braum/Heimerdinger (FR/PZ),Aatrox/Morgana (RU/DE),1,1,1
Ezreal (PZ/SI),Miss Fortune/Nilah (BW/NX),1,1,1
Akshan/Fizz (BC/SH),Kayle/Lillia (IO/MT),1,1,1
Elise/Nocturne (NX/SI),Norra (BC/FR),1,1,1
Akshan/Fizz (BC/SH),Ezreal/Nilah (BW/PZ),1,1,1
Akshan/Sivir (DE/SH),Janna/Sejuani (FR/PZ),1,1,1
Elise/Nocturne (NX/SI),Lee Sin/Udyr (FR/IO),1,1,1
Lee Sin/Udyr (FR/IO),Braum/Yuumi (FR/MT),1,1,1
Ezreal (PZ/SI),Lee Sin/Udyr (FR/IO),1,1,1
Aatrox/Kayn (RU/RU),Ezreal (PZ/SI),1,1,1
Akshan/Sejuani (FR/SH),Elise/Nocturne (NX/SI),1,1,1
Elise/Nocturne (NX/SI),Championless (IO/SI),1,1,1
Akshan/Fizz (BC/SH),Mordekaiser/Norra (BC/SI),1,1,1
Morgana/Norra (BC/DE),Akshan/Fizz (BC/SH),1,1,1
Mordekaiser (SI),Akshan/Fizz (BC/SH),1,1,1
Akshan/Fizz (BC/SH),Draven/Rumble (FR/NX),1,1,1
Akshan/Fizz (BC/SH),Lissandra/Trundle (FR/SI),1,1,1
Akshan/Fizz (BC/SH),Draven/Rumble (BC/NX),1,1,1
Heimerdinger/Viktor (IO/PZ),Norra/Sejuani (BC/FR),1,1,1
Ezreal/Nilah (BW/PZ),Janna/Sejuani (FR/PZ),1,1,1
Morgana/Norra (BC/DE),Master Yi/Zoe (IO/MT),1,1,1
Mordekaiser/Sion (NX/SI),Morgana (DE/SI),1,1,1
Heimerdinger/Viktor (IO/PZ),Elise/Norra (BC/SI),1,1,1
Janna/Sejuani (FR/PZ),Illaoi/Jarvan IV (BW/DE),1,1,1
Mordekaiser/Norra (BC/SI),Zed (IO/NX),1,1,1
Mordekaiser/Sion (NX/SI),Championless (IO/SI),1,1,1
Mordekaiser/Sion (NX/SI),Ezreal/Nilah (BW/PZ),1,1,1
Pyke/Rek'Sai (BW/SH),Sejuani/Vi (FR/PZ),1,1,1
Akshan/Lee Sin (IO/SH),Azir/Zed (IO/SH),1,1,1
Akshan/Sivir (NX/SH),Elise/Nocturne (NX/SI),1,1,1
Akshan/Sivir (DE/SH),Norra/Trundle (BC/FR),1,1,1
Elise/Nocturne (NX/SI),Katarina/Norra (BC/NX),1,1,1
Katarina/Norra (BC/NX),Morgana/Udyr (DE/FR),1,1,1
Draven (FR/NX),Lee Sin/Viktor (IO/PZ),1,1,1
Mordekaiser/Norra (BC/SI),Norra/Sejuani (BC/FR),1,1,1
Norra/Sejuani (BC/FR),Janna/Nilah (BW/PZ),1,1,1
Akshan/Pantheon (MT/SH),Mordekaiser/Morgana (DE/SI),1,1,1
Mordekaiser (SI),Mordekaiser/Morgana (DE/SI),1,1,1
Mordekaiser/Morgana (DE/SI),Akshan/Lee Sin (IO/SH),1,1,1
Mordekaiser (PZ/SI),Mordekaiser/Morgana (DE/SI),1,1,1
Akshan/Varus (SH/RU),Draven (FR/NX),1,1,1
Championless (FR/SI),Draven (FR/NX),1,1,1
Lissandra/Trundle (FR/SI),Kindred/Mordekaiser (BC/SI),1,1,1
Akshan/Varus (SH/RU),Lissandra/Trundle (FR/SI),1,1,1
Akshan/Lee Sin (IO/SH),Ezreal/Senna (PZ/SI),1,1,1
Mordekaiser/Morgana (DE/SI),Katarina/Norra (BC/NX),1,1,1
Lissandra/Trundle (FR/SI),Azir/Renekton (SH),1,1,1
Norra (BC/FR),Kindred/Tryndamere (FR/SI),1,1,1
Lux/Mordekaiser (DE/SI),Draven (FR/NX),1,1,1
Mordekaiser/Morgana (DE/SI),Lux/Mordekaiser (DE/SI),1,1,1
Heimerdinger/Viktor (IO/PZ),Lux/Mordekaiser (DE/SI),1,1,1
Lissandra/Trundle (FR/SH),Mordekaiser/Morgana (DE/SI),1,1,1
Morgana/Norra (BC/DE),Championless (FR/SI),1,1,1
Lux/Norra (BC/DE),Norra/Sejuani (BC/FR),1,1,1
Heimerdinger/Viktor (IO/PZ),Lux/Norra (BC/DE),1,1,1
Lux/Norra (BC/DE),Lee Sin/Zoe (IO/MT),1,1,1
Mordekaiser/Morgana (DE/SI),Draven/Rumble (NX/PZ),1,1,1
Mordekaiser/Morgana (DE/SI),Morgana/Yuumi (MT/SI),1,1,1
Fizz/Lee Sin (BC/IO),Mordekaiser/Morgana (DE/SI),1,1,1
Jayce/Lux (DE/PZ),Draven/Viktor (NX/PZ),1,1,1
Morgana/Norra (BC/DE),Championless (SI),1,1,1
Norra/Sejuani (BC/FR),Elise/Nocturne (SI),1,1,1
Mordekaiser/Sion (NX/SI),Draven/LeBlanc (FR/NX),1,1,1
Draven/LeBlanc (FR/NX),Akshan/Lee Sin (IO/SH),1,1,1
Nocturne (NX/SI),Heimerdinger/Norra (BC/SI),1,1,1
Nocturne (NX/SI),Lissandra/Trundle (FR/SI),1,1,1
Heimerdinger/Viktor (IO/PZ),Heimerdinger/Norra (BC/SI),1,1,1
Illaoi/Jarvan IV (BW/DE),Illaoi/Mordekaiser (BW/SI),1,1,1
Draven (FR/NX),Nocturne (NX/SI),1,1,1
Draven (FR/NX),Illaoi/Mordekaiser (BW/SI),1,1,1
Draven (FR/NX),Norra (BC/FR),1,1,1
Elise/Nocturne (SI),Nocturne (NX/SI),1,1,1
Draven (FR/NX),Miss Fortune/Nilah (BW/NX),1,1,1
Heimerdinger/Viktor (IO/PZ),Miss Fortune/Nilah (BW/NX),1,1,1
Miss Fortune/Nilah (BW/NX),Akshan/Varus (SH/RU),1,1,1
Janna/Nilah (BW/PZ),Akshan/Fizz (BC/SH),1,1,1
Viktor/Zoe (MT/PZ),Janna/Nilah (BW/PZ),1,1,1
Ezreal/Nilah (BW/PZ),Nocturne (NX/SI),1,1,1
Draven (FR/NX),Lillia/Morgana (IO/MT),1,1,1
Lux/Norra (BC/DE),Morgana/Norra (BC/DE),1,1,1
Morgana/Norra (BC/DE),Akshan/Pantheon (MT/SH),1,1,1
Morgana/Norra (BC/DE),Azir/Renekton (SH),1,1,1
Morgana/Norra (BC/DE),Akshan/Varus (SH/RU),1,1,1
Mordekaiser (SI),Azir/Miss Fortune (BW/SH),1,1,1
Mordekaiser (SI),Azir/Kayle (MT/SH),1,1,1
Illaoi (BW/IO),Mordekaiser/Norra (BC/SI),1,1,1
Fizz/Lee Sin (BC/IO),Mordekaiser (SI),1,1,1
Mordekaiser/Sion (NX/SI),Draven/Rumble (BC/NX),1,1,1
Kindred/Morgana (DE/SI),Ezreal/Nilah (BW/PZ),1,1,1
Championless (FR/IO),Norra (BC/FR),1,1,1
Kindred/Morgana (DE/SI),Nocturne (NX/SI),1,1,1
Kindred/Morgana (DE/SI),Fizz/Lee Sin (BC/IO),1,1,1
Galio/Lux: Illuminated (DE/IO),Elise/Nocturne (SI),1,1,1
Draven (FR/NX),Championless (FR/IO),1,1,1
Lissandra/Trundle (DE/FR),Mordekaiser (SI/SH),1,1,1
Galio/Lux: Illuminated (DE/IO),Kayle/Lillia (IO/MT),1,1,1
Galio/Lux: Illuminated (DE/IO),Zoe (MT/PZ),1,1,1
Galio/Lux: Illuminated (DE/IO),Akshan/Vi (PZ/SH),1,1,1
LeBlanc/Sejuani (FR/NX),Ezreal/Nilah (BW/PZ),1,1,1
Ezreal/Nilah (BW/PZ),LeBlanc (FR/NX),1,1,1
Mordekaiser (PZ/SI),Championless (SI/SH),1,1,1
Morgana/Udyr (DE/FR),Mordekaiser (PZ/SI),1,1,1
Mordekaiser (PZ/SI),Sejuani (FR/NX),1,1,1
Mordekaiser (SI),Mordekaiser (PZ/SI),1,1,1
Heimerdinger/Viktor (IO/PZ),Illaoi/Miss Fortune (BW/SH),1,1,1
Mordekaiser/Norra (BC/SI),Diana/Nocturne (MT/SI),1,1,1
Lux/Udyr (DE/FR),Heimerdinger/Viktor (IO/PZ),1,1,1
Mordekaiser (PZ/SI),Akshan/Varus (SH/RU),1,1,1
Mordekaiser (PZ/SI),Jayce/Lux (DE/PZ),1,1,1
Jayce/Lux (DE/PZ),Ezreal/Nilah (BW/PZ),1,1,1
Galio/Lux: Illuminated (DE/IO),Kindred/Morgana (MT/SI),1,1,1
Janna/Nilah (BW/PZ),Kindred/Senna (IO/SI),1,1,1
Galio/Lux: Illuminated (DE/IO),Mordekaiser/Morgana (DE/SI),1,1,1
Galio/Lux: Illuminated (DE/IO),Senna/Viktor (PZ/SI),1,1,1
Heimerdinger (PZ/SI),Draven (FR/NX),1,1,1
Draven (FR/NX),Ahri (BC/IO),1,1,1
Draven (FR/NX),Morgana/Udyr (DE/FR),1,1,1
Ahri/Kennen (BC/IO),Kayle/Lillia (IO/MT),1,1,1
Draven (FR/NX),Galio/Lux: Illuminated (DE/IO),1,1,1
Norra (BC/IO),Mordekaiser (PZ/SI),1,1,1
Norra (BC/IO),Heimerdinger/Viktor (IO/PZ),1,1,1
Heimerdinger/Norra (BC/SI),Mordekaiser/Norra (BC/SI),1,1,1
LeBlanc/Udyr (FR/NX),Mordekaiser/Norra (BC/SI),1,1,1
Heimerdinger/Viktor (IO/PZ),Elise/Nocturne (MT/SI),1,1,1
Janna/Nilah (BW/PZ),Trundle (FR/IO),1,1,1
Akshan/Pantheon (MT/SH),Janna/Nilah (BW/PZ),1,1,1
Janna/Nilah (BW/PZ),Jhin/Katarina (RU/NX),1,1,1
Nocturne (NX/SI),Trundle (FR/IO),1,1,1
Heimerdinger/Viktor (IO/PZ),Illaoi/Lux: Illuminated (BW/DE),1,1,1
Heimerdinger/Viktor (IO/PZ),LeBlanc (FR/NX),1,1,1
Norra (BC/PZ),Elise/Nocturne (NX/SI),1,1,1
Trundle (FR/IO),Mordekaiser/Thresh (NX/SI),1,1,1
Elise/Nocturne (NX/SI),LeBlanc/Udyr (FR/NX),1,1,1
Mordekaiser/Norra (BC/SI),Trundle (FR/IO),1,1,1
Elise/Nocturne (NX/SI),Illaoi (BW/IO),1,1,1
Janna/Nilah (BW/PZ),Fizz/Norra (BC/FR),1,1,1
Mordekaiser/Norra (BC/SI),Trundle/Tryndamere (FR/SI),1,1,1
Mordekaiser/Norra (BC/SI),Norra (BC/IO),1,1,1
Janna/Nilah (BW/PZ),Lillia/Zoe (IO/MT),1,1,1
Heimerdinger/Viktor (IO/PZ),Kindred/Norra (BC/SI),1,1,1
Janna/Nilah (BW/PZ),Akshan/Sivir/Udyr (FR/SH),1,1,1
Fizz/Norra (BC/FR),Morgana/Udyr (DE/FR),1,1,1
Janna/Nilah (BW/PZ),Lee Sin/Viktor (IO/PZ),1,1,1
Galio/Lux: Illuminated (DE/IO),Lee Sin/Viktor (IO/PZ),1,1,1
Elise/Nocturne (NX/SI),Aatrox/Morgana (RU/DE),1,1,1
Senna/Viktor (PZ/SI),Morgana/Udyr (DE/FR),1,1,1
Ezreal/Heimerdinger (PZ/SI),Galio/Udyr (DE/FR),1,1,1
Lee Sin/Viktor (IO/PZ),Ezreal/Nilah (BW/PZ),1,1,1
Fizz/Norra (BC/FR),Galio/Lux: Illuminated (DE/IO),1,1,1
Senna/Viktor (PZ/SI),Jayce/Lux (DE/PZ),1,1,1
Senna/Viktor (PZ/SI),Norra (BC/PZ),1,1,1
Ezreal/Heimerdinger (PZ/SI),Fizz/Norra (BC/FR),1,1,1
Ezreal/Heimerdinger (PZ/SI),Pyke/Rek'Sai (BW/SH),1,1,1
Aatrox/Morgana (RU/DE),Janna/Nilah (BW/PZ),1,1,1
Heimerdinger/Viktor (IO/PZ),Mordekaiser (FR/SI),1,1,1
Senna/Viktor (PZ/SI),LeBlanc/Mordekaiser/Sejuani (FR/NX),1,1,1
Trundle (FR/IO),Elise/Nocturne (NX/SI),1,1,1
Trundle (FR/IO),Braum/Yuumi (FR/MT),1,1,1
Trundle (FR/IO),Draven/Rumble (BC/NX),1,1,1
Lillia/Zoe (IO/MT),Fizz/Norra (BC/FR),1,1,1
Master Yi/Zoe (IO/MT),Senna/Viktor (PZ/SI),1,1,1
Senna/Viktor (PZ/SI),Draven/Sejuani (FR/NX),1,1,1
Morgana/Udyr (DE/FR),Trundle (FR/IO),1,1,1
Kindred/Mordekaiser (NX/SI),Ezreal/Heimerdinger (PZ/SI),1,1,1
Ezreal/Heimerdinger (PZ/SI),Kindred/Morgana (DE/SI),1,1,1
Championless (FR/SI),Ezreal/Heimerdinger (PZ/SI),1,1,1
Ezreal/Heimerdinger (PZ/SI),Azir/Kennen (IO/SH),1,1,1
Kindred/Morgana (DE/SI),Championless (FR/NX),1,1,1
Mordekaiser/Senna (DE/SI),Kindred/Morgana (DE/SI),1,1,1
Mordekaiser/Senna (DE/SI),Championless (FR/SI),1,1,1
Kindred/Morgana (DE/SI),Pyke/Rek'Sai (BW/SH),1,1,1
Kindred/Morgana (DE/SI),Fizz (BC/FR),1,1,1
Akshan/Udyr (FR/SH),Morgana/Udyr (DE/FR),1,1,1
Draven/Rumble (BC/NX),Championless (IO/MT),1,1,1
Illaoi/Udyr (BW/FR),Kindred/Morgana (DE/SI),1,1,1
Championless (IO/MT),Kindred/Mordekaiser (NX/SI),1,1,1
Kindred/Morgana (DE/SI),Akshan/Master Yi (IO/SH),1,1,1
Senna/Viktor (PZ/SI),Lux: Illuminated/Master Yi (DE/IO),1,1,1
Ezreal/Heimerdinger (PZ/SI),Championless (FR/NX),1,1,1
Janna/Nilah (BW/PZ),Galio/Tahm Kench (BW/DE),1,1,1
Morgana/Udyr (DE/FR),Aatrox/Braum (RU/FR),1,1,1
Draven/Sejuani (FR/NX),Elise/Nocturne (SI),1,1,1
Kindred/Morgana (DE/SI),Akshan/Sivir (IO/SH),1,1,1
Elise/Nocturne (MT/SI),Morgana/Udyr (DE/FR),1,1,1
Morgana/Udyr (DE/FR),Galio/Udyr (DE/FR),1,1,1
Master Yi/Norra (BC/IO),Kindred/Mordekaiser (BC/SI),1,1,1
Sejuani/Tryndamere (DE/FR),Morgana/Udyr (DE/FR),1,1,1
Ezreal/Sejuani (FR/PZ),Janna/Nilah (BW/PZ),1,1,1
Heimerdinger/Viktor (IO/PZ),Master Yi/Norra (BC/IO),1,1,1
Heimerdinger/Viktor (IO/PZ),Ezreal/Sejuani (FR/PZ),1,1,1
Mordekaiser/Senna (DE/SI),Mordekaiser (SI),1,1,1
Heimerdinger/Viktor (IO/PZ),Trundle/Tryndamere (FR/SI),1,1,1
Draven (FR/NX),Mordekaiser/Thresh (FR/SI),1,1,1
Draven (FR/NX),Ezreal/Heimerdinger (PZ/SI),1,1,1
Mordekaiser/Thresh (FR/SI),Mordekaiser/Senna (DE/SI),1,1,1
Zoe (MT/SI),Galio/Lux: Illuminated (DE/IO),1,1,1
Galio/Lux: Illuminated (DE/IO),Mordekaiser/Thresh (FR/SI),1,1,1
Trundle (FR/IO),Akshan/Varus (SH/RU),1,1,1
Trundle (FR/IO),Mordekaiser (FR/SI),1,1,1
Jayce/Lux (DE/PZ),Mordekaiser/Thresh (FR/SI),1,1,1
Trundle (FR/IO),Kindred/Mordekaiser (NX/SI),1,1,1
Senna/Viktor (PZ/SI),Kindred/Morgana (DE/SI),1,1,1
Heimerdinger/Jayce (PZ/SI),Draven (FR/NX),1,1,1
Senna (MT/SI),Elise/Nocturne (NX/SI),1,1,1
Janna/Nilah (BW/PZ),Norra/Zoe (BC/MT),0,1,0
Heimerdinger/Viktor (IO/PZ),Katarina/LeBlanc (FR/NX),0,1,0
Heimerdinger/Viktor (IO/PZ),Fizz/Zoe (BW/MT),0,1,0
Aatrox/Galio (RU/DE),Heimerdinger/Viktor (IO/PZ),0,1,0
Katarina/LeBlanc (FR/NX),Janna/Nilah (BW/PZ),0,1,0
Pyke/Rek'Sai (BW/SH),Norra/Zoe (BC/MT),0,1,0
Draven (FR/NX),Kayle/Lillia (IO/MT),0,1,0
Mordekaiser (SI),Kayle/Lillia (IO/MT),0,1,0
Lissandra/Trundle (FR/IO),Mordekaiser (SI),0,1,0
Akshan/Lee Sin (IO/SH),Lissandra/Trundle (FR/IO),0,1,0
Kayle/Morgana (IO/MT),Pyke/Rek'Sai (BW/SH),0,1,0
Ezreal/Kennen (IO/PZ),Elise/Nocturne (NX/SI),0,1,0
Janna/Nilah (BW/PZ),Kayle/Zed (IO/MT),0,1,0
Kayle/Lillia (IO/MT),Master Yi/Norra (BC/IO),0,1,0
Elise (NX/SI),Draven/Rumble (BC/NX),0,1,0
Elise/Nocturne (SI),Draven/Rumble (BC/NX),0,1,0
LeBlanc/Udyr (FR/NX),Kayle/Lillia (IO/MT),0,1,0
Aatrox/Galio (RU/DE),Elise/Mordekaiser (FR/SI),0,1,0
Katarina/Sejuani (FR/NX),Championless (FR/NX),0,1,0
Mordekaiser/Norra (BC/SI),Katarina/Sejuani (FR/NX),0,1,0
LeBlanc (FR/NX),Katarina/Sejuani (FR/NX),0,1,0
Kayle/Lillia (IO/MT),Elise/Mordekaiser (FR/SI),0,1,0
Mordekaiser/Norra (BC/SI),Elise/Mordekaiser (FR/SI),0,1,0
Elise/Nocturne (SI),Lissandra/Trundle (FR/IO),0,1,0
Kindred/Nocturne (PZ/SI),Akshan/Pantheon (MT/SH),0,1,0
Heimerdinger/Viktor (IO/PZ),Kindred/Nocturne (PZ/SI),0,1,0
Lissandra/Trundle (FR/IO),Draven/Rumble (BC/NX),0,1,0
Heimerdinger/Viktor (IO/PZ),Lissandra/Trundle (FR/IO),0,1,0
Lissandra/Trundle (FR/IO),Fizz/Zoe (BW/MT),0,1,0
Lissandra/Trundle (FR/IO),Morgana/Udyr (DE/FR),0,1,0
Ahri/Kennen (BW/IO),Janna/Nilah (BW/PZ),0,1,0
Mordekaiser/Norra (BC/SI),Kindred/Nocturne (PZ/SI),0,1,0
Ezreal/Janna/Nilah (BW/PZ),Elise/Mordekaiser (FR/SI),0,1,0
Kindred/Mordekaiser (BC/SI),Elise/Mordekaiser (FR/SI),0,1,0
Katarina/LeBlanc (FR/NX),Kindred/Mordekaiser (BC/SI),0,1,0
Ahri/Katarina (IO/NX),Kindred/Mordekaiser (BC/SI),0,1,0
Elise/Mordekaiser (FR/SI),Yuumi/Zoe (FR/MT),0,1,0
Aatrox/Galio (RU/DE),Kindred/Mordekaiser (BC/SI),0,1,0
Galio/Jarvan IV (DE/FR),Kindred/Mordekaiser (BC/SI),0,1,0
Kindred/Mordekaiser (BC/SI),Kayle/Zoe (BW/MT),0,1,0
Kayle/Lillia (IO/MT),Aatrox/Jarvan IV/Quinn (RU/DE),0,1,0
Aatrox/Jarvan IV (RU/DE),Kayle/Lillia (IO/MT),0,1,0
Yuumi/Zoe (FR/MT),Kayle/Lillia (IO/MT),0,1,0
Akshan/Lee Sin (IO/SH),Kindred/Mordekaiser (BC/SI),0,1,0
Kindred/Mordekaiser (BC/SI),Fizz/Katarina/Miss Fortune (BW/NX),0,1,0
Braum/Yuumi (FR/MT),Kindred/Mordekaiser (BC/SI),0,1,0
Ahri (IO/SI),Yuumi/Zoe (FR/MT),0,1,0
Ezreal/Nilah (BW/PZ),Akshan/Lee Sin (IO/SH),0,1,0
Jayce/Lux (DE/PZ),Akshan/Lee Sin (IO/SH),0,1,0
Trundle/Tryndamere (FR/SI),Elise/Nocturne (SI),0,1,0
Akshan/Lee Sin (IO/SH),Elise/Nocturne (SI),0,1,0
Janna/Nilah (BW/PZ),Braum/Yuumi (FR/MT),0,1,0
Draven/Sion (NX/PZ),Kayle/Lillia (IO/MT),0,1,0
Ryze (RU/SH),Kayle/Lillia (IO/MT),0,1,0
Kindred/Mordekaiser/Norra (BC/SI),Kayle/Lillia (IO/MT),0,1,0
Braum/Yuumi (FR/MT),Kayle/Lillia (IO/MT),0,1,0
Draven/Sion (BC/NX),Kayle/Lillia (IO/MT),0,1,0
Pantheon/Yuumi (DE/MT),Elise/Nocturne (SI),0,1,0
Elise/Nocturne (SI),Jayce/Lux (DE/PZ),0,1,0
Jarvan IV/Udyr (DE/FR),Kayle/Lillia (IO/MT),0,1,0
Morgana/Udyr (DE/FR),Mordekaiser/Morgana (DE/SI),0,1,0
Lillia/Norra (BC/IO),Aatrox/Kayn (RU/RU),0,1,0
Kindred/Mordekaiser (BC/SI),Mordekaiser (BC/SI),0,1,0
Kindred/Mordekaiser/Viktor (PZ/SI),Kindred/Mordekaiser (BC/SI),0,1,0
Janna/Nilah (BW/PZ),Jayce (FR/PZ),0,1,0
Renekton/Sivir (FR/SH),Kindred/Mordekaiser (BC/SI),0,1,0
Kindred/Mordekaiser (BC/SI),Yuumi/Zoe (IO/MT),0,1,0
Lee Sin/Master Yi/Viktor (IO/PZ),Draven/Rumble (BC/NX),0,1,0
Miss Fortune/Quinn (BW/DE),Heimerdinger/Viktor (IO/PZ),0,1,0
Galio/Jarvan IV (DE/FR),Mordekaiser/Norra (BC/SI),0,1,0
Akshan (DE/SH),Mordekaiser/Norra (BC/SI),0,1,0
Kindred/Nocturne (PZ/SI),Mordekaiser (BC/SI),0,1,0
Heimerdinger/Jayce (PZ/SI),Pyke/Rek'Sai (BW/SH),0,1,0
Jayce/Lux (DE/PZ),Heimerdinger/Jayce (PZ/SI),0,1,0
Ezreal/Kennen (IO/PZ),Janna/Nilah (BW/PZ),0,1,0
Kayle/Zed (IO/MT),Draven/Rumble (BC/NX),0,1,0
Braum/Norra (BC/FR),Nocturne (NX/SI),0,1,0
Mordekaiser (BC/SI),Mordekaiser/Norra (BC/SI),0,1,0
Mordekaiser/Morgana (DE/SI),Kayle/Lillia (IO/MT),0,1,0
Renekton/Sivir (FR/SH),Draven/Rumble (BC/NX),0,1,0
Lux: Illuminated/Morgana (DE/IO),Elise/Nocturne (NX/SI),0,1,0
Mordekaiser (BC/SI),Elise/Mordekaiser (FR/SI),0,1,0
Heimerdinger/Viktor (IO/PZ),Elise/Mordekaiser (FR/SI),0,1,0
Ryze (RU/SI),Kindred/Morgana (DE/SI),0,1,0
Akshan/Lee Sin (IO/SH),LeBlanc/Sion (FR/NX),0,1,0
Kindred/Mordekaiser (BC/SI),Kindred/Morgana (DE/SI),0,1,0
Mordekaiser/Nocturne (MT/SI),Janna/Nilah (BW/PZ),0,1,0
Miss Fortune/Quinn (BW/DE),Janna/Nilah (BW/PZ),0,1,0
Janna/Nilah (BW/PZ),Galio/Jarvan IV (DE/FR),0,1,0
Lillia/Lux: Illuminated (DE/IO),LeBlanc/Sion (FR/NX),0,1,0
Elise/Nocturne (MT/SI),LeBlanc/Sion (FR/NX),0,1,0
Kindred/Morgana (DE/SI),Lillia/Lux: Illuminated (DE/IO),0,1,0
Elise/Nocturne (MT/SI),Pyke/Rek'Sai (BW/SH),0,1,0
Kayle/Zed (IO/MT),Renekton/Sivir (FR/SH),0,1,0
Kindred/Morgana (DE/SI),Renekton/Sivir (FR/SH),0,1,0
Kayle/Lillia (IO/MT),Katarina/LeBlanc (FR/NX),0,1,0
Kayle/Lillia (IO/MT),Akshan/Lee Sin (IO/SH),0,1,0
Mordekaiser (BC/SI),LeBlanc/Sion (FR/NX),0,1,0
Kayle/Zed (IO/MT),Fizz/Yuumi (BC/DE),0,1,0
Kayle/Zed (IO/MT),Kindred/Mordekaiser/Norra (BC/SI),0,1,0
Lee Sin/Zoe (IO/MT),LeBlanc/Sion (FR/NX),0,1,0
LeBlanc/Udyr (FR/NX),Akshan/Lee Sin (IO/SH),0,1,0
Renekton/Sivir (FR/SH),Elise/Nocturne (NX/SI),0,1,0
Katarina/LeBlanc (FR/NX),Lee Sin/Zoe (IO/MT),0,1,0
LeBlanc/Sion (FR/NX),Braum/Norra (BC/FR),0,1,0
Fizz/Yuumi (BC/DE),Kayle/Lillia (IO/MT),0,1,0
Lux/Udyr (DE/FR),Mordekaiser (BC/SI),0,1,0
Renekton/Sivir (FR/SH),Galio/Jarvan IV (DE/FR),0,1,0
Renekton/Sivir (FR/SH),LeBlanc/Udyr (FR/NX),0,1,0
Trundle/Tryndamere (FR/SI),Renekton/Sivir (FR/SH),0,1,0
LeBlanc/Sion (FR/NX),Championless (FR/NX),0,1,0
LeBlanc/Sion (FR/NX),Lissandra/Trundle (FR/SI),0,1,0
LeBlanc/Udyr (FR/NX),Heimerdinger/Viktor (IO/PZ),0,1,0
Lee Sin/Zoe (IO/MT),Lissandra/Trundle (FR/SI),0,1,0
LeBlanc/Udyr (FR/NX),Lee Sin/Zoe (IO/MT),0,1,0
Draven/Sion (NX/PZ),Draven/Rumble (BC/NX),0,1,0
Draven/Rumble (BC/NX),Lissandra/Trundle (FR/SI),0,1,0
Kayle/Lillia (IO/MT),Lee Sin/Zoe (IO/MT),0,1,0
Aatrox/Morgana (RU/DE),Lee Sin/Zoe (IO/MT),0,1,0
Yuumi/Zoe (IO/MT),Lee Sin/Zoe (IO/MT),0,1,0
Kayle/Zed (IO/MT),Lee Sin/Zoe (IO/MT),0,1,0
Lee Sin/Zoe (IO/MT),Norra/Sejuani (BC/FR),0,1,0
Morgana/Udyr (DE/FR),Lee Sin/Zoe (IO/MT),0,1,0
Akshan/Master Yi (IO/SH),Janna/Nilah (BW/PZ),0,1,0
LeBlanc/Udyr (FR/NX),Janna/Nilah (BW/PZ),0,1,0
Kindred/Mordekaiser (BC/SI),Lee Sin/Zoe (IO/MT),0,1,0
Heimerdinger/Master Yi (IO/PZ),Janna/Nilah (BW/PZ),0,1,0
LeBlanc/Sion (FR/NX),Elise/Nocturne (NX/SI),0,1,0
Lee Sin/Zoe (IO/MT),Pyke/Rek'Sai (BW/SH),0,1,0
Kindred/Morgana (DE/SI),Akshan/Pantheon (MT/SH),0,1,0
Lee Sin/Zoe (IO/MT),Akshan/Pantheon (MT/SH),0,1,0
Thresh/Trundle (FR/SI),Akshan/Lee Sin (IO/SH),0,1,0
Janna (IO/PZ),Draven/Rumble (BC/NX),0,1,0
Rumble/Sion (BC/NX),Aatrox/Jarvan IV/Morgana (RU/DE),0,1,0
Janna (IO/PZ),Heimerdinger/Viktor (IO/PZ),0,1,0
Lee Sin/Master Yi/Viktor (IO/PZ),Aatrox/Jarvan IV/Morgana (RU/DE),0,1,0
Draven/Rumble (BC/NX),Norra/Sejuani (BC/FR),0,1,0
Nocturne (SI),Akshan/Pantheon (MT/SH),0,1,0
Lux: Illuminated/Morgana (DE/IO),Akshan/Lee Sin (IO/SH),0,1,0
Nocturne (SI),Akshan/Lee Sin (IO/SH),0,1,0
Aatrox/Jarvan IV/Morgana (RU/DE),Aatrox/Morgana (RU/DE),0,1,0
Pantheon/Varus (MT/RU),Aatrox/Jarvan IV/Morgana (RU/DE),0,1,0
Janna/Nilah (BW/PZ),Championless (MT/SI),0,1,0
Janna/Nilah (BW/PZ),Morgana/Senna (MT/SI),0,1,0
Mordekaiser/Norra (BC/SI),Morgana/Senna (MT/SI),0,1,0
Elise/Nocturne (NX/SI),Morgana/Senna (MT/SI),0,1,0
Kindred (MT/SI),Mordekaiser/Norra (BC/SI),0,1,0
Fizz/Viktor (BW/PZ),Mordekaiser/Norra (BC/SI),0,1,0
Morgana (MT/SI),Mordekaiser (SI),0,1,0
Lillia/Zilean (IO/SH),Mordekaiser (SI),0,1,0
Quinn/Udyr (DE/FR),Mordekaiser (SI),0,1,0
Senna (PZ/SI),Heimerdinger/Viktor (IO/PZ),0,1,0
Mordekaiser (SI),Braum/Trundle (FR/SI),0,1,0
Quinn/Udyr (DE/FR),Braum/Trundle (BC/FR),0,1,0
Quinn/Udyr (DE/FR),Aatrox/Kayn (RU/RU),0,1,0
Ezreal/Kennen (IO/PZ),Braum/Trundle (FR/SI),0,1,0
Elise/Nocturne (SI),Aatrox/Kayn (RU/RU),0,1,0
Lissandra/Trundle (FR/SI),Akshan/Lee Sin (IO/SH),0,1,0
Quinn/Udyr (DE/FR),Lissandra/Trundle (FR/SI),0,1,0
Mordekaiser (IO/SI),Aatrox/Kayn (RU/RU),0,1,0
Jayce/Lux (DE/PZ),Norra/Trundle (BC/FR),0,1,0
Mordekaiser (PZ/SI),Norra/Trundle (BC/FR),0,1,0
Janna/Nilah (BW/PZ),Zilean (IO/SH),0,1,0
Kayn (BW/RU),Norra/Trundle (BC/FR),0,1,0
Mordekaiser/Morgana (DE/SI),Akshan/Renekton (NX/SH),0,1,0
Elise (NX/SI),Elise/Nocturne (NX/SI),0,1,0
Miss Fortune (BW/NX),Elise/Nocturne (NX/SI),0,1,0
Mordekaiser (PZ/SI),Quinn/Udyr (DE/FR),0,1,0
Ezreal/Nilah (BW/PZ),Quinn/Udyr (DE/FR),0,1,0
Janna/Nilah (BW/PZ),Katarina/Miss Fortune (BW/NX),0,1,0
Quinn/Udyr (DE/FR),Elise/Nocturne (NX/SI),0,1,0
Akshan/Renekton (NX/SH),Quinn/Udyr (DE/FR),0,1,0
Elise/Nocturne (NX/SI),Nocturne (SI),0,1,0
Draven/Janna (NX/PZ),Elise/Nocturne (NX/SI),0,1,0
Senna (PZ/SI),Mordekaiser (SI),0,1,0
Jarvan IV/Udyr (DE/FR),Janna/Nilah (BW/PZ),0,1,0
Draven/Norra (BC/NX),Elise/Nocturne (NX/SI),0,1,0
Viktor/Zoe (MT/PZ),Elise/Nocturne (NX/SI),0,1,0
Diana/Viktor (MT/PZ),Janna/Nilah (BW/PZ),0,1,0
Miss Fortune (BW/NX),Janna/Nilah (BW/PZ),0,1,0
Ezreal/Kindred (PZ/SI),Janna/Nilah (BW/PZ),0,1,0
Nocturne (MT/SI),Heimerdinger/Viktor (IO/PZ),0,1,0
Ahri/Katarina (IO/NX),Janna/Nilah (BW/PZ),0,1,0
Elise/Nocturne (NX/SI),Morgana/Trundle (DE/FR),0,1,0
Mordekaiser/Norra (BC/SI),Morgana/Trundle (DE/FR),0,1,0
Draven/Rumble (BC/NX),Morgana/Trundle (DE/FR),0,1,0
Miss Fortune/Sejuani (BW/FR),Mordekaiser/Norra (BC/SI),0,1,0
Akshan/Sivir (DE/SH),Morgana (DE/SI),0,1,0
Janna/Nilah (BW/PZ),Morgana/Trundle (DE/FR),0,1,0
Elise/Mordekaiser/Nocturne (NX/SI),Kayle/Lillia (IO/MT),0,1,0
Pyke/Rek'Sai (BW/SH),Elise/Mordekaiser/Nocturne (NX/SI),0,1,0
Akshan/Sivir (NX/SH),Morgana/Trundle (DE/FR),0,1,0
Kayle/Lillia (IO/MT),Morgana (DE/SI),0,1,0
Akshan/Sivir (DE/SH),Heimerdinger/Viktor (IO/PZ),0,1,0
Draven/Varus (NX/RU),Elise/Nocturne (NX/SI),0,1,0
Akshan/Lee Sin (IO/SH),Ezreal/Kennen (IO/PZ),0,1,0
Morgana/Udyr (DE/FR),Draven/Varus (NX/RU),0,1,0
Akshan/Varus (SH/RU),Morgana (DE/SI),0,1,0
Aatrox/Kayn (RU/RU),Draven/Sejuani (FR/NX),0,1,0
Akshan/Morgana/Pantheon (MT/SH),Elise/Nocturne (NX/SI),0,1,0
Norra/Trundle (BC/FR),Mordekaiser (SI),0,1,0
Draven/Varus (NX/RU),Akshan/Sivir (DE/SH),0,1,0
Lillia/Rumble (IO/NX),Mordekaiser (SI),0,1,0
Heimerdinger/Viktor (IO/PZ),Jarvan IV/Kayn (DE/RU),0,1,0
Ezreal (BW/PZ),Heimerdinger/Viktor (IO/PZ),0,1,0
Mordekaiser (SI),Kayle/Zed (IO/MT),0,1,0
Pyke/Rek'Sai (BW/SH),Draven/Sejuani (FR/NX),0,1,0
Ezreal (BW/PZ),Ezreal/Nilah (BW/PZ),0,1,0
Ezreal (BW/PZ),LeBlanc/Sivir (NX/SH),0,1,0
Braum/Norra (BC/FR),Akshan/Pantheon (MT/SH),0,1,0
Norra (BC/FR),Janna/Nilah (BW/PZ),0,1,0
Championless (BW/SI),Ezreal (PZ/SI),0,1,0
Ezreal (PZ/SI),Draven/Katarina (DE/NX),0,1,0
Ezreal (PZ/SI),Pyke/Rek'Sai (BW/SH),0,1,0
Ezreal (PZ/SI),Master Yi/Zoe (IO/MT),0,1,0
Kindred/Mordekaiser (BC/SI),Braum/Norra (BC/FR),0,1,0
Akshan/Varus (SH/RU),Braum/Norra (BC/FR),0,1,0
Master Yi/Zoe (IO/MT),Miss Fortune/Nilah (BW/NX),0,1,0
Braum/Norra (BC/FR),Draven/Katarina (DE/NX),0,1,0
Norra (BC/FR),Braum/Norra (BC/FR),0,1,0
Braum/Norra (BC/FR),Akshan (SH),0,1,0
Janna/Nilah (BW/PZ),Diana/Vi (MT/PZ),0,1,0
Jhin/Viktor (RU/PZ),Elise/Nocturne (NX/SI),0,1,0
Fizz (BW/FR),Master Yi/Zoe (IO/MT),0,1,0
Akshan/Varus (SH/RU),Master Yi/Zoe (IO/MT),0,1,0
Kindred/Senna (IO/SI),Draven/Sejuani (FR/NX),0,1,0
Senna (PZ/SI),Janna/Nilah (BW/PZ),0,1,0
Mordekaiser (PZ/SI),Mordekaiser/Norra (BC/SI),0,1,0
Akshan/Sivir (NX/SH),Janna/Nilah (BW/PZ),0,1,0
Braum/Norra (BC/FR),Ahri/Katarina (IO/NX),0,1,0
Draven/Rumble (BC/NX),Braum/Norra (BC/FR),0,1,0
Ezreal (PZ/SI),Diana/Viktor (MT/PZ),0,1,0
Senna (PZ/SI),Ezreal (PZ/SI),0,1,0
Miss Fortune (BW/NX),Draven/Sejuani (FR/NX),0,1,0
Akshan/Sivir (PZ/SH),Draven (FR/NX),0,1,0
Akshan/Sivir (PZ/SH),Mordekaiser (SI),0,1,0
Morgana/Norra (BC/DE),Trundle/Tryndamere (FR/MT),0,1,0
Master Yi/Viktor (IO/PZ),Morgana/Norra (BC/DE),0,1,0
Ezreal (PZ/SI),Morgana/Norra (BC/DE),0,1,0
Mordekaiser (SI),Championless (PZ/SI),0,1,0
Kindred/Morgana (DE/SI),Mordekaiser (SI),0,1,0
Jayce/Lux (DE/PZ),Mordekaiser (SI),0,1,0
Draven/Janna (NX/PZ),Draven/Sejuani (FR/NX),0,1,0
Morgana (DE/SI),Draven/Sejuani (FR/NX),0,1,0
Diana/Vi (MT/PZ),Mordekaiser (SI),0,1,0
Mordekaiser/Norra (BC/SI),Jhin/Kennen (IO/RU),0,1,0
Azir/Renekton (SH),Heimerdinger/Viktor (IO/PZ),0,1,0
Draven/Sejuani (FR/NX),Azir/Norra (BC/SH),0,1,0
Miss Fortune/Sejuani (BW/FR),Heimerdinger/Viktor (IO/PZ),0,1,0
Trundle/Tryndamere (FR/MT),Heimerdinger/Viktor (IO/PZ),0,1,0
Viktor/Zoe (MT/PZ),Kindred/Morgana (DE/SI),0,1,0
Elise (NX/SI),Kindred/Morgana (DE/SI),0,1,0
Ezreal (PZ/SI),Heimerdinger/Viktor (IO/PZ),0,1,0
Kindred/Morgana (DE/SI),Morgana/Norra (BC/DE),0,1,0
Norra/Trundle (BC/FR),Aatrox/Kayn (RU/RU),0,1,0
Kindred/Morgana (DE/SI),Galio/Udyr (DE/FR),0,1,0
Lillia/Norra (BC/IO),Master Yi/Zoe (IO/MT),0,1,0
Trundle/Tryndamere (FR/MT),Elise/Nocturne (NX/SI),0,1,0
Akshan (SH),Master Yi/Zoe (IO/MT),0,1,0
Heimerdinger/Norra (BC/FR),Janna/Nilah (BW/PZ),0,1,0
Janna/Nilah (BW/PZ),Yuumi/Zoe (DE/MT),0,1,0
Janna/Nilah (BW/PZ),Braum/Zoe (FR/MT),0,1,0
Trundle/Tryndamere (FR/MT),Master Yi/Zoe (IO/MT),0,1,0
Norra (BC/FR),Master Yi/Zoe (IO/MT),0,1,0
Azir/Zed (IO/SH),Master Yi/Zoe (IO/MT),0,1,0
Lissandra/Trundle (FR/SI),Master Yi/Zoe (IO/MT),0,1,0
Morgana/Zoe (MT/SH),Master Yi/Zoe (IO/MT),0,1,0
Galio/Udyr (DE/FR),Ahri/Katarina (IO/NX),0,1,0
Ahri/Katarina (IO/NX),Norra/Trundle (BC/FR),0,1,0
Aatrox/Kayn (RU/RU),Pyke/Rek'Sai (BW/SH),0,1,0
Diana/Viktor (MT/PZ),Pyke/Rek'Sai (BW/SH),0,1,0
Trundle/Tryndamere (FR/MT),Pyke/Rek'Sai (BW/SH),0,1,0
Jayce/Lux (DE/PZ),Pyke/Rek'Sai (BW/SH),0,1,0
Trundle/Tryndamere (FR/NX),Pyke/Rek'Sai (BW/SH),0,1,0
Pyke/Rek'Sai (BW/SH),Akshan/Varus (SH/RU),0,1,0
Norra (BC/IO),Elise/Nocturne (SI),0,1,0
Morgana/Norra (BC/DE),Mordekaiser (SI),0,1,0
Janna/Sejuani (FR/PZ),Kayle/Lillia (IO/MT),0,1,0
Heimerdinger/Jayce (PZ/SI),Elise/Nocturne (SI),0,1,0
Kayle/Lillia (IO/MT),Master Yi/Zoe (IO/MT),0,1,0
Master Yi/Zoe (IO/MT),Ahri/Katarina (IO/NX),0,1,0
Ahri/Katarina (IO/NX),Lissandra/Trundle (FR/SI),0,1,0
Lissandra/Trundle (FR/SI),Elise/Nocturne (NX/SI),0,1,0
Lillia/Norra (BC/IO),Elise/Nocturne (NX/SI),0,1,0
Mordekaiser/Morgana (DE/SI),Ahri/Katarina (IO/NX),0,1,0
Mordekaiser (PZ/SI),Master Yi/Zoe (IO/MT),0,1,0
Championless (PZ/SI),Ezreal/Nilah (BW/PZ),0,1,0
Norra (BC/PZ),Mordekaiser/Norra (BC/SI),0,1,0
Jhin/Kennen (IO/RU),Draven/Sejuani (FR/NX),0,1,0
Norra (BC/PZ),Morgana/Udyr (DE/FR),0,1,0
Lissandra/Trundle (FR/SI),Norra (BC/PZ),0,1,0
Master Yi/Zoe (IO/MT),Elise/Nocturne (SI),0,1,0
Diana/Nocturne (MT/SI),Janna/Nilah (BW/PZ),0,1,0
Ezreal/Nilah (BW/PZ),Morgana/Trundle (DE/FR),0,1,0
Pyke/Rek'Sai (BW/SH),Kindred/Mordekaiser (SI),0,1,0
Pyke/Rek'Sai (BW/SH),Ahri/Katarina (IO/NX),0,1,0
Akshan/Renekton (FR/SH),Janna/Nilah (BW/PZ),0,1,0
Elise/Nocturne (NX/SI),Kindred/Mordekaiser (SI),0,1,0
Championless (SI),Janna/Sejuani (FR/PZ),0,1,0
Heimerdinger/Jayce (PZ/SI),Janna/Nilah (BW/PZ),0,1,0
Championless (SI),Mordekaiser (SI),0,1,0
Championless (SI),Morgana/Udyr (DE/FR),0,1,0
Mordekaiser/Nocturne (SI),Mordekaiser (SI),0,1,0
Mordekaiser/Norra (BC/SI),Championless (SI),0,1,0
Mordekaiser/Morgana (DE/SI),Championless (SI),0,1,0
Championless (PZ/SI),Master Yi/Zoe (IO/MT),0,1,0
Championless (PZ/SI),Morgana/Udyr (FR/MT),0,1,0
Master Yi/Zoe (IO/MT),Pyke/Rek'Sai (BW/SH),0,1,0
Mordekaiser/Norra (BC/SI),Morgana/Udyr (FR/MT),0,1,0
Mordekaiser/Norra (BC/SI),Ahri/Katarina (IO/NX),0,1,0
Aatrox/Kayn (RU/RU),Morgana/Norra (BC/DE),0,1,0
Championless (PZ/SI),Ahri/Katarina (IO/NX),0,1,0
Akshan/Master Yi (IO/SH),Master Yi/Zoe (IO/MT),0,1,0
Akshan/Master Yi (IO/SH),Heimerdinger/Viktor (IO/PZ),0,1,0
Pyke/Rek'Sai (BW/SH),Ezreal/Jhin (RU/PZ),0,1,0
Draven (FR/NX),Pyke/Rek'Sai (BW/SH),0,1,0
Aatrox/Morgana (RU/DE),Pyke/Rek'Sai (BW/SH),0,1,0
Jayce/Lux (DE/PZ),Viktor/Zoe (MT/PZ),0,1,0
Janna/Sejuani (FR/PZ),Jayce/Lux (DE/PZ),0,1,0
Yuumi/Zoe (FR/MT),Jayce/Lux (DE/PZ),0,1,0
Ahri/Katarina (IO/NX),Jayce/Lux (DE/PZ),0,1,0
Trundle/Tryndamere (FR/PZ),Mordekaiser/Norra (BC/SI),0,1,0
Pyke/Rek'Sai (BW/SH),Jhin/Kennen (IO/RU),0,1,0
Janna/Sejuani (FR/PZ),Jhin/Kennen (IO/RU),0,1,0
Braum/Yuumi (FR/MT),Mordekaiser/Norra (BC/SI),0,1,0
Norra (BC/MT),Heimerdinger/Viktor (IO/PZ),0,1,0
Championless (SI),Akshan/Lee Sin (IO/SH),0,1,0
Morgana/Norra (BC/DE),Elise/Nocturne (SI),0,1,0
Mordekaiser/Sion (NX/SI),Elise/Nocturne (SI),0,1,0
Viktor/Zoe (MT/PZ),Mordekaiser (SI),0,1,0
Akshan/Varus (SH/RU),Mordekaiser/Norra (BC/SI),0,1,0
Norra (BC/PZ),Draven/Rumble (BC/NX),0,1,0
Master Yi/Zoe (IO/MT),Draven/Janna (NX/PZ),0,1,0
Morgana/Udyr (DE/FR),Master Yi/Zoe (IO/MT),0,1,0
Morgana/Udyr (DE/FR),Lux/Udyr (DE/FR),0,1,0
Championless (SI),Draven/Rumble (BC/NX),0,1,0
Mordekaiser/Sion (NX/SI),Championless (SI),0,1,0
Akshan/Fizz (BC/SH),Janna/Sejuani (FR/PZ),0,1,0
Jayce/Lux (DE/PZ),Braum/Heimerdinger (FR/PZ),0,1,0
Pyke/Rek'Sai (BW/SH),Braum/Heimerdinger (FR/PZ),0,1,0
Braum/Heimerdinger (FR/PZ),Akshan/Lee Sin (IO/SH),0,1,0
Mordekaiser (SI),Mordekaiser/Sion (NX/SI),0,1,0
Elise/Nocturne (SI),Viktor/Zoe (MT/PZ),0,1,0
Viktor/Zoe (MT/PZ),Aatrox/Morgana (RU/DE),0,1,0
Viktor/Zoe (MT/PZ),Pyke/Rek'Sai (BW/SH),0,1,0
Pyke/Rek'Sai (BW/SH),Ezreal/Nilah (BW/PZ),0,1,0
Ezreal (PZ/SI),Janna/Sejuani (FR/PZ),0,1,0
Braum/Heimerdinger (FR/PZ),Janna/Sejuani (FR/PZ),0,1,0
Championless (IO/SI),Janna/Sejuani (FR/PZ),0,1,0
Akshan/Fizz (BC/SH),Lee Sin/Udyr (FR/IO),0,1,0
Heimerdinger/Viktor (IO/PZ),Lee Sin/Udyr (FR/IO),0,1,0
Aatrox/Morgana (RU/DE),Braum/Heimerdinger (FR/PZ),0,1,0
Miss Fortune/Nilah (BW/NX),Ezreal (PZ/SI),0,1,0
Kayle/Lillia (IO/MT),Akshan/Fizz (BC/SH),0,1,0
Norra (BC/FR),Elise/Nocturne (NX/SI),0,1,0
Ezreal/Nilah (BW/PZ),Akshan/Fizz (BC/SH),0,1,0
Janna/Sejuani (FR/PZ),Akshan/Sivir (DE/SH),0,1,0
Lee Sin/Udyr (FR/IO),Elise/Nocturne (NX/SI),0,1,0
Braum/Yuumi (FR/MT),Lee Sin/Udyr (FR/IO),0,1,0
Lee Sin/Udyr (FR/IO),Ezreal (PZ/SI),0,1,0
Ezreal (PZ/SI),Aatrox/Kayn (RU/RU),0,1,0
Elise/Nocturne (NX/SI),Akshan/Sejuani (FR/SH),0,1,0
Championless (IO/SI),Elise/Nocturne (NX/SI),0,1,0
Mordekaiser/Norra (BC/SI),Akshan/Fizz (BC/SH),0,1,0
Akshan/Fizz (BC/SH),Morgana/Norra (BC/DE),0,1,0
Akshan/Fizz (BC/SH),Mordekaiser (SI),0,1,0
Draven/Rumble (FR/NX),Akshan/Fizz (BC/SH),0,1,0
Lissandra/Trundle (FR/SI),Akshan/Fizz (BC/SH),0,1,0
Draven/Rumble (BC/NX),Akshan/Fizz (BC/SH),0,1,0
Norra/Sejuani (BC/FR),Heimerdinger/Viktor (IO/PZ),0,1,0
Janna/Sejuani (FR/PZ),Ezreal/Nilah (BW/PZ),0,1,0
Master Yi/Zoe (IO/MT),Morgana/Norra (BC/DE),0,1,0
Morgana (DE/SI),Mordekaiser/Sion (NX/SI),0,1,0
Elise/Norra (BC/SI),Heimerdinger/Viktor (IO/PZ),0,1,0
Illaoi/Jarvan IV (BW/DE),Janna/Sejuani (FR/PZ),0,1,0
Zed (IO/NX),Mordekaiser/Norra (BC/SI),0,1,0
Championless (IO/SI),Mordekaiser/Sion (NX/SI),0,1,0
Ezreal/Nilah (BW/PZ),Mordekaiser/Sion (NX/SI),0,1,0
Sejuani/Vi (FR/PZ),Pyke/Rek'Sai (BW/SH),0,1,0
Azir/Zed (IO/SH),Akshan/Lee Sin (IO/SH),0,1,0
Elise/Nocturne (NX/SI),Akshan/Sivir (NX/SH),0,1,0
Norra/Trundle (BC/FR),Akshan/Sivir (DE/SH),0,1,0
Katarina/Norra (BC/NX),Elise/Nocturne (NX/SI),0,1,0
Morgana/Udyr (DE/FR),Katarina/Norra (BC/NX),0,1,0
Lee Sin/Viktor (IO/PZ),Draven (FR/NX),0,1,0
Norra/Sejuani (BC/FR),Mordekaiser/Norra (BC/SI),0,1,0
Janna/Nilah (BW/PZ),Norra/Sejuani (BC/FR),0,1,0
Mordekaiser/Morgana (DE/SI),Akshan/Pantheon (MT/SH),0,1,0
Mordekaiser/Morgana (DE/SI),Mordekaiser (SI),0,1,0
Akshan/Lee Sin (IO/SH),Mordekaiser/Morgana (DE/SI),0,1,0
Mordekaiser/Morgana (DE/SI),Mordekaiser (PZ/SI),0,1,0
Draven (FR/NX),Akshan/Varus (SH/RU),0,1,0
Draven (FR/NX),Championless (FR/SI),0,1,0
Kindred/Mordekaiser (BC/SI),Lissandra/Trundle (FR/SI),0,1,0
Lissandra/Trundle (FR/SI),Akshan/Varus (SH/RU),0,1,0
Ezreal/Senna (PZ/SI),Akshan/Lee Sin (IO/SH),0,1,0
Katarina/Norra (BC/NX),Mordekaiser/Morgana (DE/SI),0,1,0
Azir/Renekton (SH),Lissandra/Trundle (FR/SI),0,1,0
Kindred/Tryndamere (FR/SI),Norra (BC/FR),0,1,0
Draven (FR/NX),Lux/Mordekaiser (DE/SI),0,1,0
Lux/Mordekaiser (DE/SI),Mordekaiser/Morgana (DE/SI),0,1,0
Lux/Mordekaiser (DE/SI),Heimerdinger/Viktor (IO/PZ),0,1,0
Mordekaiser/Morgana (DE/SI),Lissandra/Trundle (FR/SH),0,1,0
Championless (FR/SI),Morgana/Norra (BC/DE),0,1,0
Norra/Sejuani (BC/FR),Lux/Norra (BC/DE),0,1,0
Lux/Norra (BC/DE),Heimerdinger/Viktor (IO/PZ),0,1,0
Lee Sin/Zoe (IO/MT),Lux/Norra (BC/DE),0,1,0
Draven/Rumble (NX/PZ),Mordekaiser/Morgana (DE/SI),0,1,0
Morgana/Yuumi (MT/SI),Mordekaiser/Morgana (DE/SI),0,1,0
Mordekaiser/Morgana (DE/SI),Fizz/Lee Sin (BC/IO),0,1,0
Draven/Viktor (NX/PZ),Jayce/Lux (DE/PZ),0,1,0
Championless (SI),Morgana/Norra (BC/DE),0,1,0
Elise/Nocturne (SI),Norra/Sejuani (BC/FR),0,1,0
Draven/LeBlanc (FR/NX),Mordekaiser/Sion (NX/SI),0,1,0
Akshan/Lee Sin (IO/SH),Draven/LeBlanc (FR/NX),0,1,0
Heimerdinger/Norra (BC/SI),Nocturne (NX/SI),0,1,0
Lissandra/Trundle (FR/SI),Nocturne (NX/SI),0,1,0
Heimerdinger/Norra (BC/SI),Heimerdinger/Viktor (IO/PZ),0,1,0
Illaoi/Mordekaiser (BW/SI),Illaoi/Jarvan IV (BW/DE),0,1,0
Nocturne (NX/SI),Draven (FR/NX),0,1,0
Illaoi/Mordekaiser (BW/SI),Draven (FR/NX),0,1,0
Norra (BC/FR),Draven (FR/NX),0,1,0
Nocturne (NX/SI),Elise/Nocturne (SI),0,1,0
Miss Fortune/Nilah (BW/NX),Draven (FR/NX),0,1,0
Miss Fortune/Nilah (BW/NX),Heimerdinger/Viktor (IO/PZ),0,1,0
Akshan/Varus (SH/RU),Miss Fortune/Nilah (BW/NX),0,1,0
Akshan/Fizz (BC/SH),Janna/Nilah (BW/PZ),0,1,0
Janna/Nilah (BW/PZ),Viktor/Zoe (MT/PZ),0,1,0
Nocturne (NX/SI),Ezreal/Nilah (BW/PZ),0,1,0
Lillia/Morgana (IO/MT),Draven (FR/NX),0,1,0
Morgana/Norra (BC/DE),Lux/Norra (BC/DE),0,1,0
Akshan/Pantheon (MT/SH),Morgana/Norra (BC/DE),0,1,0
Azir/Renekton (SH),Morgana/Norra (BC/DE),0,1,0
Akshan/Varus (SH/RU),Morgana/Norra (BC/DE),0,1,0
Azir/Miss Fortune (BW/SH),Mordekaiser (SI),0,1,0
Azir/Kayle (MT/SH),Mordekaiser (SI),0,1,0
Mordekaiser/Norra (BC/SI),Illaoi (BW/IO),0,1,0
Mordekaiser (SI),Fizz/Lee Sin (BC/IO),0,1,0
Draven/Rumble (BC/NX),Mordekaiser/Sion (NX/SI),0,1,0
Ezreal/Nilah (BW/PZ),Kindred/Morgana (DE/SI),0,1,0
Norra (BC/FR),Championless (FR/IO),0,1,0
Nocturne (NX/SI),Kindred/Morgana (DE/SI),0,1,0
Fizz/Lee Sin (BC/IO),Kindred/Morgana (DE/SI),0,1,0
Elise/Nocturne (SI),Galio/Lux: Illuminated (DE/IO),0,1,0
Championless (FR/IO),Draven (FR/NX),0,1,0
Mordekaiser (SI/SH),Lissandra/Trundle (DE/FR),0,1,0
Kayle/Lillia (IO/MT),Galio/Lux: Illuminated (DE/IO),0,1,0
Zoe (MT/PZ),Galio/Lux: Illuminated (DE/IO),0,1,0
Akshan/Vi (PZ/SH),Galio/Lux: Illuminated (DE/IO),0,1,0
Ezreal/Nilah (BW/PZ),LeBlanc/Sejuani (FR/NX),0,1,0
LeBlanc (FR/NX),Ezreal/Nilah (BW/PZ),0,1,0
Championless (SI/SH),Mordekaiser (PZ/SI),0,1,0
Mordekaiser (PZ/SI),Morgana/Udyr (DE/FR),0,1,0
Sejuani (FR/NX),Mordekaiser (PZ/SI),0,1,0
Mordekaiser (PZ/SI),Mordekaiser (SI),0,1,0
Illaoi/Miss Fortune (BW/SH),Heimerdinger/Viktor (IO/PZ),0,1,0
Diana/Nocturne (MT/SI),Mordekaiser/Norra (BC/SI),0,1,0
Heimerdinger/Viktor (IO/PZ),Lux/Udyr (DE/FR),0,1,0
Akshan/Varus (SH/RU),Mordekaiser (PZ/SI),0,1,0
Jayce/Lux (DE/PZ),Mordekaiser (PZ/SI),0,1,0
Ezreal/Nilah (BW/PZ),Jayce/Lux (DE/PZ),0,1,0
Kindred/Morgana (MT/SI),Galio/Lux: Illuminated (DE/IO),0,1,0
Kindred/Senna (IO/SI),Janna/Nilah (BW/PZ),0,1,0
Mordekaiser/Morgana (DE/SI),Galio/Lux: Illuminated (DE/IO),0,1,0
Senna/Viktor (PZ/SI),Galio/Lux: Illuminated (DE/IO),0,1,0
Draven (FR/NX),Heimerdinger (PZ/SI),0,1,0
Ahri (BC/IO),Draven (FR/NX),0,1,0
Morgana/Udyr (DE/FR),Draven (FR/NX),0,1,0
Kayle/Lillia (IO/MT),Ahri/Kennen (BC/IO),0,1,0
Galio/Lux: Illuminated (DE/IO),Draven (FR/NX),0,1,0
Mordekaiser (PZ/SI),Norra (BC/IO),0,1,0
Heimerdinger/Viktor (IO/PZ),Norra (BC/IO),0,1,0
Mordekaiser/Norra (BC/SI),Heimerdinger/Norra (BC/SI),0,1,0
Mordekaiser/Norra (BC/SI),LeBlanc/Udyr (FR/NX),0,1,0
Elise/Nocturne (MT/SI),Heimerdinger/Viktor (IO/PZ),0,1,0
Trundle (FR/IO),Janna/Nilah (BW/PZ),0,1,0
Janna/Nilah (BW/PZ),Akshan/Pantheon (MT/SH),0,1,0
Jhin/Katarina (RU/NX),Janna/Nilah (BW/PZ),0,1,0
Trundle (FR/IO),Nocturne (NX/SI),0,1,0
Illaoi/Lux: Illuminated (BW/DE),Heimerdinger/Viktor (IO/PZ),0,1,0
LeBlanc (FR/NX),Heimerdinger/Viktor (IO/PZ),0,1,0
Elise/Nocturne (NX/SI),Norra (BC/PZ),0,1,0
Mordekaiser/Thresh (NX/SI),Trundle (FR/IO),0,1,0
LeBlanc/Udyr (FR/NX),Elise/Nocturne (NX/SI),0,1,0
Trundle (FR/IO),Mordekaiser/Norra (BC/SI),0,1,0
Illaoi (BW/IO),Elise/Nocturne (NX/SI),0,1,0
Fizz/Norra (BC/FR),Janna/Nilah (BW/PZ),0,1,0
Trundle/Tryndamere (FR/SI),Mordekaiser/Norra (BC/SI),0,1,0
Norra (BC/IO),Mordekaiser/Norra (BC/SI),0,1,0
Lillia/Zoe (IO/MT),Janna/Nilah (BW/PZ),0,1,0
Kindred/Norra (BC/SI),Heimerdinger/Viktor (IO/PZ),0,1,0
Akshan/Sivir/Udyr (FR/SH),Janna/Nilah (BW/PZ),0,1,0
Morgana/Udyr (DE/FR),Fizz/Norra (BC/FR),0,1,0
Lee Sin/Viktor (IO/PZ),Janna/Nilah (BW/PZ),0,1,0
Lee Sin/Viktor (IO/PZ),Galio/Lux: Illuminated (DE/IO),0,1,0
Aatrox/Morgana (RU/DE),Elise/Nocturne (NX/SI),0,1,0
Morgana/Udyr (DE/FR),Senna/Viktor (PZ/SI),0,1,0
Galio/Udyr (DE/FR),Ezreal/Heimerdinger (PZ/SI),0,1,0
Ezreal/Nilah (BW/PZ),Lee Sin/Viktor (IO/PZ),0,1,0
Galio/Lux: Illuminated (DE/IO),Fizz/Norra (BC/FR),0,1,0
Jayce/Lux (DE/PZ),Senna/Viktor (PZ/SI),0,1,0
Norra (BC/PZ),Senna/Viktor (PZ/SI),0,1,0
Fizz/Norra (BC/FR),Ezreal/Heimerdinger (PZ/SI),0,1,0
Pyke/Rek'Sai (BW/SH),Ezreal/Heimerdinger (PZ/SI),0,1,0
Janna/Nilah (BW/PZ),Aatrox/Morgana (RU/DE),0,1,0
Mordekaiser (FR/SI),Heimerdinger/Viktor (IO/PZ),0,1,0
LeBlanc/Mordekaiser/Sejuani (FR/NX),Senna/Viktor (PZ/SI),0,1,0
Elise/Nocturne (NX/SI),Trundle (FR/IO),0,1,0
Braum/Yuumi (FR/MT),Trundle (FR/IO),0,1,0
Draven/Rumble (BC/NX),Trundle (FR/IO),0,1,0
Fizz/Norra (BC/FR),Lillia/Zoe (IO/MT),0,1,0
Senna/Viktor (PZ/SI),Master Yi/Zoe (IO/MT),0,1,0
Draven/Sejuani (FR/NX),Senna/Viktor (PZ/SI),0,1,0
Trundle (FR/IO),Morgana/Udyr (DE/FR),0,1,0
Ezreal/Heimerdinger (PZ/SI),Kindred/Mordekaiser (NX/SI),0,1,0
Kindred/Morgana (DE/SI),Ezreal/Heimerdinger (PZ/SI),0,1,0
Ezreal/Heimerdinger (PZ/SI),Championless (FR/SI),0,1,0
Azir/Kennen (IO/SH),Ezreal/Heimerdinger (PZ/SI),0,1,0
Championless (FR/NX),Kindred/Morgana (DE/SI),0,1,0
Kindred/Morgana (DE/SI),Mordekaiser/Senna (DE/SI),0,1,0
Championless (FR/SI),Mordekaiser/Senna (DE/SI),0,1,0
Pyke/Rek'Sai (BW/SH),Kindred/Morgana (DE/SI),0,1,0
Fizz (BC/FR),Kindred/Morgana (DE/SI),0,1,0
Morgana/Udyr (DE/FR),Akshan/Udyr (FR/SH),0,1,0
Championless (IO/MT),Draven/Rumble (BC/NX),0,1,0
Kindred/Morgana (DE/SI),Illaoi/Udyr (BW/FR),0,1,0
Kindred/Mordekaiser (NX/SI),Championless (IO/MT),0,1,0
Akshan/Master Yi (IO/SH),Kindred/Morgana (DE/SI),0,1,0
Lux: Illuminated/Master Yi (DE/IO),Senna/Viktor (PZ/SI),0,1,0
Championless (FR/NX),Ezreal/Heimerdinger (PZ/SI),0,1,0
Galio/Tahm Kench (BW/DE),Janna/Nilah (BW/PZ),0,1,0
Aatrox/Braum (RU/FR),Morgana/Udyr (DE/FR),0,1,0
Elise/Nocturne (SI),Draven/Sejuani (FR/NX),0,1,0
Akshan/Sivir (IO/SH),Kindred/Morgana (DE/SI),0,1,0
Morgana/Udyr (DE/FR),Elise/Nocturne (MT/SI),0,1,0
Galio/Udyr (DE/FR),Morgana/Udyr (DE/FR),0,1,0
Kindred/Mordekaiser (BC/SI),Master Yi/Norra (BC/IO),0,1,0
Morgana/Udyr (DE/FR),Sejuani/Tryndamere (DE/FR),0,1,0
Janna/Nilah (BW/PZ),Ezreal/Sejuani (FR/PZ),0,1,0
Master Yi/Norra (BC/IO),Heimerdinger/Viktor (IO/PZ),0,1,0
Ezreal/Sejuani (FR/PZ),Heimerdinger/Viktor (IO/PZ),0,1,0
Mordekaiser (SI),Mordekaiser/Senna (DE/SI),0,1,0
Trundle/Tryndamere (FR/SI),Heimerdinger/Viktor (IO/PZ),0,1,0
Mordekaiser/Thresh (FR/SI),Draven (FR/NX),0,1,0
Ezreal/Heimerdinger (PZ/SI),Draven (FR/NX),0,1,0
Mordekaiser/Senna (DE/SI),Mordekaiser/Thresh (FR/SI),0,1,0
Galio/Lux: Illuminated (DE/IO),Zoe (MT/SI),0,1,0
Mordekaiser/Thresh (FR/SI),Galio/Lux: Illuminated (DE/IO),0,1,0
Akshan/Varus (SH/RU),Trundle (FR/IO),0,1,0
Mordekaiser (FR/SI),Trundle (FR/IO),0,1,0
Mordekaiser/Thresh (FR/SI),Jayce/Lux (DE/PZ),0,1,0
Kindred/Mordekaiser (NX/SI),Trundle (FR/IO),0,1,0
Kindred/Morgana (DE/SI),Senna/Viktor (PZ/SI),0,1,0
Draven (FR/NX),Heimerdinger/Jayce (PZ/SI),0,1,0
Elise/Nocturne (NX/SI),Senna (MT/SI),0,1,0
Heimerdinger/Viktor (IO/PZ),Heimerdinger/Viktor (IO/PZ),18,36,0.5
Mordekaiser/Norra (BC/SI),Mordekaiser/Norra (BC/SI),23,46,0.5
Elise/Nocturne (NX/SI),Elise/Nocturne (NX/SI),23,46,0.5
Mordekaiser/Norra (BC/SI),Aatrox/Galio (RU/DE),6,6,1
Aatrox/Galio (RU/DE),Mordekaiser/Norra (BC/SI),0,6,0
Akshan/Lee Sin (IO/SH),Mordekaiser/Norra (BC/SI),5,12,0.416666666666667
Akshan/Lee Sin (IO/SH),Janna/Nilah (BW/PZ),5,12,0.416666666666667
Pyke/Rek'Sai (BW/SH),Heimerdinger/Viktor (IO/PZ),5,12,0.416666666666667
Mordekaiser/Norra (BC/SI),Akshan/Lee Sin (IO/SH),7,12,0.583333333333333
Janna/Nilah (BW/PZ),Akshan/Lee Sin (IO/SH),7,12,0.583333333333333
Heimerdinger/Viktor (IO/PZ),Pyke/Rek'Sai (BW/SH),7,12,0.583333333333333
Heimerdinger/Viktor (IO/PZ),Mordekaiser/Norra (BC/SI),28,53,0.528301886792453
Mordekaiser/Norra (BC/SI),Heimerdinger/Viktor (IO/PZ),25,53,0.471698113207547
Pyke/Rek'Sai (BW/SH),Janna/Nilah (BW/PZ),8,23,0.347826086956522
Janna/Nilah (BW/PZ),Pyke/Rek'Sai (BW/SH),15,23,0.652173913043478
Mordekaiser/Norra (BC/SI),Janna/Nilah (BW/PZ),22,65,0.338461538461539
Janna/Nilah (BW/PZ),Mordekaiser/Norra (BC/SI),43,65,0.661538461538462
Aatrox/Galio (RU/DE),Janna/Nilah (BW/PZ),1,2,0.5
Janna/Nilah (BW/PZ),Aatrox/Galio (RU/DE),1,2,0.5
Galio/Udyr (DE/FR),Kayle/Lillia (IO/MT),1,2,0.5
Kayle/Lillia (IO/MT),Galio/Udyr (DE/FR),1,2,0.5
Kayle/Lillia (IO/MT),Kayle/Lillia (IO/MT),1,2,0.5
Ahri/Kennen (BW/IO),Elise/Mordekaiser (FR/SI),1,2,0.5
Elise/Mordekaiser (FR/SI),Ahri/Kennen (BW/IO),1,2,0.5
Mordekaiser/Sion (NX/SI),Kindred/Mordekaiser (BC/SI),1,2,0.5
Kindred/Mordekaiser (BC/SI),Mordekaiser/Sion (NX/SI),1,2,0.5
Yuumi/Zoe (FR/MT),Elise/Nocturne (NX/SI),1,2,0.5
Elise/Nocturne (NX/SI),Yuumi/Zoe (FR/MT),1,2,0.5
Lee Sin/Zoe (IO/MT),Kindred/Morgana (DE/SI),1,2,0.5
Kindred/Morgana (DE/SI),Lee Sin/Zoe (IO/MT),1,2,0.5
Mordekaiser/Norra (BC/SI),Draven/Sion (NX/PZ),1,2,0.5
Draven/Sion (NX/PZ),Mordekaiser/Norra (BC/SI),1,2,0.5
Jayce/Norra (BC/PZ),Heimerdinger/Viktor (IO/PZ),1,2,0.5
Heimerdinger/Viktor (IO/PZ),Jayce/Norra (BC/PZ),1,2,0.5
Kayle/Zed (IO/MT),Kayle/Lillia (IO/MT),1,2,0.5
Kayle/Lillia (IO/MT),Kayle/Zed (IO/MT),1,2,0.5
Heimerdinger/Viktor (IO/PZ),Akshan/Pantheon (MT/SH),1,2,0.5
Akshan/Pantheon (MT/SH),Heimerdinger/Viktor (IO/PZ),1,2,0.5
Mordekaiser/Norra (BC/SI),Lissandra/Trundle (FR/SI),1,2,0.5
Lissandra/Trundle (FR/SI),Mordekaiser/Norra (BC/SI),1,2,0.5
Fizz/Zoe (BC/MT),Kayle/Lillia (IO/MT),1,2,0.5
Kayle/Lillia (IO/MT),Fizz/Zoe (BC/MT),1,2,0.5
LeBlanc/Sion (FR/NX),Heimerdinger/Viktor (IO/PZ),1,2,0.5
Heimerdinger/Viktor (IO/PZ),LeBlanc/Sion (FR/NX),1,2,0.5
Galio/Jarvan IV (DE/FR),LeBlanc/Sion (FR/NX),1,2,0.5
LeBlanc/Sion (FR/NX),Galio/Jarvan IV (DE/FR),1,2,0.5
Trundle/Tryndamere (FR/SI),Mordekaiser (BC/SI),1,2,0.5
Mordekaiser (BC/SI),Trundle/Tryndamere (FR/SI),1,2,0.5
Fizz/Yuumi (BC/DE),Mordekaiser (BC/SI),1,2,0.5
Mordekaiser (BC/SI),Fizz/Yuumi (BC/DE),1,2,0.5
Mordekaiser/Norra (BC/SI),Fizz/Yuumi (BC/DE),1,2,0.5
Fizz/Yuumi (BC/DE),Mordekaiser/Norra (BC/SI),1,2,0.5
Lee Sin/Zoe (IO/MT),Championless (FR/NX),1,2,0.5
Championless (FR/NX),Lee Sin/Zoe (IO/MT),1,2,0.5
Ahri/Kennen (BC/IO),Draven (FR/NX),1,2,0.5
Draven (FR/NX),Ahri/Kennen (BC/IO),1,2,0.5
Mordekaiser/Norra (BC/SI),Akshan/Pantheon (MT/SH),1,2,0.5
Akshan/Pantheon (MT/SH),Mordekaiser/Norra (BC/SI),1,2,0.5
Morgana/Senna (MT/SI),Morgana/Senna (MT/SI),1,2,0.5
Akshan/Sivir (NX/SH),Heimerdinger/Viktor (IO/PZ),1,2,0.5
Heimerdinger/Viktor (IO/PZ),Akshan/Sivir (NX/SH),1,2,0.5
Mordekaiser (PZ/SI),Janna/Nilah (BW/PZ),1,2,0.5
Janna/Nilah (BW/PZ),Mordekaiser (PZ/SI),1,2,0.5
Jayce/Lux (DE/PZ),Quinn/Udyr (DE/FR),1,2,0.5
Quinn/Udyr (DE/FR),Jayce/Lux (DE/PZ),1,2,0.5
Pyke/Rek'Sai (BW/SH),Morgana (DE/SI),1,2,0.5
Morgana (DE/SI),Pyke/Rek'Sai (BW/SH),1,2,0.5
Ahri/Katarina (IO/NX),Morgana (DE/SI),1,2,0.5
Morgana (DE/SI),Ahri/Katarina (IO/NX),1,2,0.5
Heimerdinger/Viktor (IO/PZ),Draven/Janna (NX/PZ),1,2,0.5
Draven/Janna (NX/PZ),Heimerdinger/Viktor (IO/PZ),1,2,0.5
Championless (PZ/SI),Heimerdinger/Viktor (IO/PZ),1,2,0.5
Heimerdinger/Viktor (IO/PZ),Championless (PZ/SI),1,2,0.5
Ezreal/Kennen (IO/PZ),Morgana (DE/SI),1,2,0.5
Morgana (DE/SI),Ezreal/Kennen (IO/PZ),1,2,0.5
Draven/Rumble (BC/NX),Mordekaiser (SI),1,2,0.5
Mordekaiser (SI),Draven/Rumble (BC/NX),1,2,0.5
Braum/Norra (BC/FR),Ezreal/Nilah (BW/PZ),1,2,0.5
Ezreal/Nilah (BW/PZ),Braum/Norra (BC/FR),1,2,0.5
Braum/Norra (BC/FR),Morgana/Udyr (DE/FR),1,2,0.5
Morgana/Udyr (DE/FR),Braum/Norra (BC/FR),1,2,0.5
Championless (PZ/SI),Pyke/Rek'Sai (BW/SH),1,2,0.5
Pyke/Rek'Sai (BW/SH),Championless (PZ/SI),1,2,0.5
Ezreal (PZ/SI),Ezreal (PZ/SI),1,2,0.5
Draven/Sejuani (FR/NX),Morgana/Norra (BC/DE),1,2,0.5
Morgana/Norra (BC/DE),Draven/Sejuani (FR/NX),1,2,0.5
Pyke/Rek'Sai (BW/SH),Morgana/Norra (BC/DE),1,2,0.5
Morgana/Norra (BC/DE),Pyke/Rek'Sai (BW/SH),1,2,0.5
Morgana/Norra (BC/DE),Ezreal/Nilah (BW/PZ),1,2,0.5
Ezreal/Nilah (BW/PZ),Morgana/Norra (BC/DE),1,2,0.5
Morgana/Norra (BC/DE),Janna/Sejuani (FR/PZ),1,2,0.5
Janna/Sejuani (FR/PZ),Morgana/Norra (BC/DE),1,2,0.5
Janna/Sejuani (FR/PZ),Morgana (DE/SI),1,2,0.5
Morgana (DE/SI),Janna/Sejuani (FR/PZ),1,2,0.5
Akshan/Sivir (NX/SH),Pyke/Rek'Sai (BW/SH),1,2,0.5
Pyke/Rek'Sai (BW/SH),Akshan/Sivir (NX/SH),1,2,0.5
Kindred/Morgana (DE/SI),Draven/Sejuani (FR/NX),1,2,0.5
Draven/Sejuani (FR/NX),Kindred/Morgana (DE/SI),1,2,0.5
Zoe (FR/MT),Zoe (FR/MT),1,2,0.5
Lee Sin/Udyr (FR/IO),Janna/Sejuani (FR/PZ),1,2,0.5
Janna/Sejuani (FR/PZ),Lee Sin/Udyr (FR/IO),1,2,0.5
Akshan/Fizz (BC/SH),Aatrox/Kayn (RU/RU),1,2,0.5
Aatrox/Kayn (RU/RU),Akshan/Fizz (BC/SH),1,2,0.5
Viktor/Zoe (MT/PZ),Morgana/Norra (BC/DE),1,2,0.5
Morgana/Norra (BC/DE),Viktor/Zoe (MT/PZ),1,2,0.5
Lissandra/Trundle (FR/SI),Janna/Nilah (BW/PZ),1,2,0.5
Janna/Nilah (BW/PZ),Lissandra/Trundle (FR/SI),1,2,0.5
Elise (FR/SI),Elise/Nocturne (NX/SI),1,2,0.5
Elise/Nocturne (NX/SI),Elise (FR/SI),1,2,0.5
Draven/Rumble (BC/NX),Mordekaiser/Morgana (DE/SI),1,2,0.5
Mordekaiser/Morgana (DE/SI),Draven/Rumble (BC/NX),1,2,0.5
Lissandra/Trundle (FR/SI),Mordekaiser/Morgana (DE/SI),1,2,0.5
Mordekaiser/Morgana (DE/SI),Lissandra/Trundle (FR/SI),1,2,0.5
Draven (FR/NX),Ezreal/Nilah (BW/PZ),1,2,0.5
Ezreal/Nilah (BW/PZ),Draven (FR/NX),1,2,0.5
Illaoi (BW/IO),Akshan/Lee Sin (IO/SH),1,2,0.5
Akshan/Lee Sin (IO/SH),Illaoi (BW/IO),1,2,0.5
Azir/Kennen (IO/SH),Lux/Norra (BC/DE),1,2,0.5
Lux/Norra (BC/DE),Azir/Kennen (IO/SH),1,2,0.5
Morgana/Norra (BC/DE),Morgana/Norra (BC/DE),1,2,0.5
Heimerdinger/Viktor (IO/PZ),Lee Sin/Master Yi/Zoe (IO/MT),1,2,0.5
Lee Sin/Master Yi/Zoe (IO/MT),Heimerdinger/Viktor (IO/PZ),1,2,0.5
Draven/Sion (NX/PZ),Morgana/Norra (BC/DE),1,2,0.5
Morgana/Norra (BC/DE),Draven/Sion (NX/PZ),1,2,0.5
Morgana/Norra (BC/DE),Miss Fortune/Nilah (BW/NX),1,2,0.5
Miss Fortune/Nilah (BW/NX),Morgana/Norra (BC/DE),1,2,0.5
Nocturne (NX/SI),Morgana/Norra (BC/DE),1,2,0.5
Morgana/Norra (BC/DE),Nocturne (NX/SI),1,2,0.5
Draven (FR/NX),Kindred/Morgana (DE/SI),1,2,0.5
Kindred/Morgana (DE/SI),Draven (FR/NX),1,2,0.5
Akshan/Lee Sin (IO/SH),Galio/Lux: Illuminated (DE/IO),1,2,0.5
Galio/Lux: Illuminated (DE/IO),Akshan/Lee Sin (IO/SH),1,2,0.5
Draven (FR/NX),Mordekaiser (PZ/SI),1,2,0.5
Mordekaiser (PZ/SI),Draven (FR/NX),1,2,0.5
Senna/Viktor (PZ/SI),Trundle (FR/IO),1,2,0.5
Trundle (FR/IO),Senna/Viktor (PZ/SI),1,2,0.5
Elise/Nocturne (NX/SI),Senna/Viktor (PZ/SI),1,2,0.5
Senna/Viktor (PZ/SI),Elise/Nocturne (NX/SI),1,2,0.5
Lux/Zoe (DE/MT),Senna/Viktor (PZ/SI),1,2,0.5
Senna/Viktor (PZ/SI),Lux/Zoe (DE/MT),1,2,0.5
Ezreal/Heimerdinger (PZ/SI),Mordekaiser/Thresh (FR/SI),1,2,0.5
Mordekaiser/Thresh (FR/SI),Ezreal/Heimerdinger (PZ/SI),1,2,0.5
LeBlanc/Sivir (NX/SH),Mordekaiser/Norra (BC/SI),1,2,0.5
Mordekaiser/Norra (BC/SI),LeBlanc/Sivir (NX/SH),1,2,0.5
Mordekaiser/Norra (BC/SI),Lillia/Zoe (IO/MT),1,2,0.5
Lillia/Zoe (IO/MT),Mordekaiser/Norra (BC/SI),1,2,0.5
Aatrox/Morgana (RU/DE),Jayce/Lux (DE/PZ),1,2,0.5
Jayce/Lux (DE/PZ),Aatrox/Morgana (RU/DE),1,2,0.5
Trundle (FR/IO),Galio/Lux: Illuminated (DE/IO),1,2,0.5
Galio/Lux: Illuminated (DE/IO),Trundle (FR/IO),1,2,0.5
Mordekaiser/Senna (DE/SI),Mordekaiser/Norra (BC/SI),1,2,0.5
Mordekaiser/Norra (BC/SI),Mordekaiser/Senna (DE/SI),1,2,0.5
Trundle (FR/IO),Janna/Sejuani (FR/PZ),1,2,0.5
Janna/Sejuani (FR/PZ),Trundle (FR/IO),1,2,0.5
Kayle/Lillia (IO/MT),Senna/Viktor (PZ/SI),1,2,0.5
Senna/Viktor (PZ/SI),Kayle/Lillia (IO/MT),1,2,0.5
Trundle (FR/IO),Kindred/Mordekaiser (BC/SI),1,2,0.5
Kindred/Mordekaiser (BC/SI),Trundle (FR/IO),1,2,0.5
Janna/Nilah (BW/PZ),Lissandra/Trundle (FR/IO),2,5,0.4
Janna/Nilah (BW/PZ),LeBlanc/Sion (FR/NX),2,5,0.4
Elise/Nocturne (NX/SI),Draven/Rumble (BC/NX),2,5,0.4
Mordekaiser/Norra (BC/SI),Mordekaiser/Morgana (DE/SI),2,5,0.4
Kayle/Lillia (IO/MT),Norra/Trundle (BC/FR),2,5,0.4
Renekton/Sivir (FR/SH),Mordekaiser/Norra (BC/SI),2,5,0.4
Elise/Nocturne (NX/SI),Akshan/Varus (SH/RU),2,5,0.4
Jayce/Lux (DE/PZ),Lee Sin/Zoe (IO/MT),2,5,0.4
Janna/Nilah (BW/PZ),Elise/Nocturne (SI),2,5,0.4
Elise/Nocturne (NX/SI),Morgana/Norra (BC/DE),2,5,0.4
Championless (BW/SI),Elise/Nocturne (NX/SI),2,5,0.4
Ezreal/Nilah (BW/PZ),Mordekaiser/Norra (BC/SI),2,5,0.4
Nocturne (NX/SI),Janna/Nilah (BW/PZ),2,5,0.4
Mordekaiser/Morgana (DE/SI),Elise/Nocturne (SI),2,5,0.4
Galio/Lux: Illuminated (DE/IO),Ahri/Kennen (BC/IO),2,5,0.4
Aatrox/Kayn (RU/RU),Galio/Lux: Illuminated (DE/IO),2,5,0.4
Lissandra/Trundle (FR/IO),Janna/Nilah (BW/PZ),3,5,0.6
LeBlanc/Sion (FR/NX),Janna/Nilah (BW/PZ),3,5,0.6
Draven/Rumble (BC/NX),Elise/Nocturne (NX/SI),3,5,0.6
Mordekaiser/Morgana (DE/SI),Mordekaiser/Norra (BC/SI),3,5,0.6
Norra/Trundle (BC/FR),Kayle/Lillia (IO/MT),3,5,0.6
Mordekaiser/Norra (BC/SI),Renekton/Sivir (FR/SH),3,5,0.6
Akshan/Varus (SH/RU),Elise/Nocturne (NX/SI),3,5,0.6
Lee Sin/Zoe (IO/MT),Jayce/Lux (DE/PZ),3,5,0.6
Elise/Nocturne (SI),Janna/Nilah (BW/PZ),3,5,0.6
Morgana/Norra (BC/DE),Elise/Nocturne (NX/SI),3,5,0.6
Elise/Nocturne (NX/SI),Championless (BW/SI),3,5,0.6
Mordekaiser/Norra (BC/SI),Ezreal/Nilah (BW/PZ),3,5,0.6
Janna/Nilah (BW/PZ),Nocturne (NX/SI),3,5,0.6
Elise/Nocturne (SI),Mordekaiser/Morgana (DE/SI),3,5,0.6
Ahri/Kennen (BC/IO),Galio/Lux: Illuminated (DE/IO),3,5,0.6
Galio/Lux: Illuminated (DE/IO),Aatrox/Kayn (RU/RU),3,5,0.6
Ahri/Kennen (BW/IO),Kayle/Lillia (IO/MT),1,3,0.333333333333333
Galio/Udyr (DE/FR),Mordekaiser/Norra (BC/SI),1,3,0.333333333333333
Mordekaiser/Norra (BC/SI),Viktor/Zoe (MT/PZ),1,3,0.333333333333333
Kayle/Zed (IO/MT),Mordekaiser/Norra (BC/SI),1,3,0.333333333333333
Ahri/Kennen (IO/SH),Mordekaiser/Norra (BC/SI),1,3,0.333333333333333
Jayce/Lux (DE/PZ),Draven/Rumble (BC/NX),1,3,0.333333333333333
Kayle/Lillia (IO/MT),Elise/Nocturne (NX/SI),1,3,0.333333333333333
Jayce/Lux (DE/PZ),Kayle/Lillia (IO/MT),1,3,0.333333333333333
Draven/Rumble (BC/NX),Akshan/Lee Sin (IO/SH),1,3,0.333333333333333
Morgana/Udyr (DE/FR),Ezreal/Nilah (BW/PZ),1,3,0.333333333333333
Morgana/Udyr (DE/FR),Jayce/Lux (DE/PZ),1,3,0.333333333333333
Morgana/Udyr (DE/FR),Kindred/Mordekaiser (BC/SI),1,3,0.333333333333333
Jayce/Lux (DE/PZ),Kindred/Mordekaiser (BC/SI),1,3,0.333333333333333
Akshan/Master Yi (IO/SH),Morgana/Norra (BC/DE),1,3,0.333333333333333
Morgana/Norra (BC/DE),Jayce/Lux (DE/PZ),1,3,0.333333333333333
Kindred/Morgana (DE/SI),Kayle/Lillia (IO/MT),1,3,0.333333333333333
Heimerdinger/Viktor (IO/PZ),Championless (FR/NX),1,3,0.333333333333333
Draven/Rumble (BC/NX),Aatrox/Jarvan IV/Morgana (RU/DE),1,3,0.333333333333333
Mordekaiser/Norra (BC/SI),Aatrox/Jarvan IV/Morgana (RU/DE),1,3,0.333333333333333
Nocturne (SI),Mordekaiser (SI),1,3,0.333333333333333
Quinn/Udyr (DE/FR),Janna/Nilah (BW/PZ),1,3,0.333333333333333
Kindred/Morgana (DE/SI),Norra/Trundle (BC/FR),1,3,0.333333333333333
Elise/Nocturne (NX/SI),Championless (PZ/SI),1,3,0.333333333333333
Morgana (DE/SI),Heimerdinger/Viktor (IO/PZ),1,3,0.333333333333333
Morgana/Trundle (DE/FR),Heimerdinger/Viktor (IO/PZ),1,3,0.333333333333333
Aatrox/Kayn (RU/RU),Elise/Nocturne (NX/SI),1,3,0.333333333333333
Ezreal/Nilah (BW/PZ),Mordekaiser (SI),1,3,0.333333333333333
Heimerdinger/Viktor (IO/PZ),Braum/Norra (BC/FR),1,3,0.333333333333333
Mordekaiser (SI),Morgana (DE/SI),1,3,0.333333333333333
Braum/Norra (BC/FR),Mordekaiser (SI),1,3,0.333333333333333
Aatrox/Kayn (RU/RU),Kindred/Morgana (DE/SI),1,3,0.333333333333333
Elise/Nocturne (SI),Kindred/Morgana (DE/SI),1,3,0.333333333333333
Kindred/Mordekaiser (SI),Master Yi/Zoe (IO/MT),1,3,0.333333333333333
Kindred/Mordekaiser (SI),Elise/Nocturne (SI),1,3,0.333333333333333
Championless (SI),Viktor/Zoe (MT/PZ),1,3,0.333333333333333
Heimerdinger/Viktor (IO/PZ),Mordekaiser (PZ/SI),1,3,0.333333333333333
Janna/Nilah (BW/PZ),Mordekaiser/Morgana (DE/SI),1,3,0.333333333333333
Nocturne (NX/SI),Heimerdinger/Viktor (IO/PZ),1,3,0.333333333333333
Norra (BC/FR),Mordekaiser/Morgana (DE/SI),1,3,0.333333333333333
Mordekaiser/Morgana (DE/SI),Ezreal/Nilah (BW/PZ),1,3,0.333333333333333
Morgana/Norra (BC/DE),Draven (FR/NX),1,3,0.333333333333333
Galio/Lux: Illuminated (DE/IO),Heimerdinger/Viktor (IO/PZ),1,3,0.333333333333333
Ahri/Kennen (BC/IO),Janna/Nilah (BW/PZ),1,3,0.333333333333333
Nocturne (NX/SI),Ezreal/Heimerdinger (PZ/SI),1,3,0.333333333333333
Morgana/Udyr (DE/FR),Ezreal/Heimerdinger (PZ/SI),1,3,0.333333333333333
Lux/Mordekaiser (DE/SI),Draven/Sejuani (FR/NX),1,3,0.333333333333333
Lee Sin/Viktor (IO/PZ),Ezreal/Heimerdinger (PZ/SI),1,3,0.333333333333333
Kayle/Lillia (IO/MT),Ahri/Kennen (BW/IO),2,3,0.666666666666667
Mordekaiser/Norra (BC/SI),Galio/Udyr (DE/FR),2,3,0.666666666666667
Viktor/Zoe (MT/PZ),Mordekaiser/Norra (BC/SI),2,3,0.666666666666667
Mordekaiser/Norra (BC/SI),Kayle/Zed (IO/MT),2,3,0.666666666666667
Mordekaiser/Norra (BC/SI),Ahri/Kennen (IO/SH),2,3,0.666666666666667
Draven/Rumble (BC/NX),Jayce/Lux (DE/PZ),2,3,0.666666666666667
Elise/Nocturne (NX/SI),Kayle/Lillia (IO/MT),2,3,0.666666666666667
Kayle/Lillia (IO/MT),Jayce/Lux (DE/PZ),2,3,0.666666666666667
Akshan/Lee Sin (IO/SH),Draven/Rumble (BC/NX),2,3,0.666666666666667
Ezreal/Nilah (BW/PZ),Morgana/Udyr (DE/FR),2,3,0.666666666666667
Jayce/Lux (DE/PZ),Morgana/Udyr (DE/FR),2,3,0.666666666666667
Kindred/Mordekaiser (BC/SI),Morgana/Udyr (DE/FR),2,3,0.666666666666667
Kindred/Mordekaiser (BC/SI),Jayce/Lux (DE/PZ),2,3,0.666666666666667
Morgana/Norra (BC/DE),Akshan/Master Yi (IO/SH),2,3,0.666666666666667
Jayce/Lux (DE/PZ),Morgana/Norra (BC/DE),2,3,0.666666666666667
Kayle/Lillia (IO/MT),Kindred/Morgana (DE/SI),2,3,0.666666666666667
Championless (FR/NX),Heimerdinger/Viktor (IO/PZ),2,3,0.666666666666667
Aatrox/Jarvan IV/Morgana (RU/DE),Draven/Rumble (BC/NX),2,3,0.666666666666667
Aatrox/Jarvan IV/Morgana (RU/DE),Mordekaiser/Norra (BC/SI),2,3,0.666666666666667
Mordekaiser (SI),Nocturne (SI),2,3,0.666666666666667
Janna/Nilah (BW/PZ),Quinn/Udyr (DE/FR),2,3,0.666666666666667
Norra/Trundle (BC/FR),Kindred/Morgana (DE/SI),2,3,0.666666666666667
Championless (PZ/SI),Elise/Nocturne (NX/SI),2,3,0.666666666666667
Heimerdinger/Viktor (IO/PZ),Morgana (DE/SI),2,3,0.666666666666667
Heimerdinger/Viktor (IO/PZ),Morgana/Trundle (DE/FR),2,3,0.666666666666667
Elise/Nocturne (NX/SI),Aatrox/Kayn (RU/RU),2,3,0.666666666666667
Mordekaiser (SI),Ezreal/Nilah (BW/PZ),2,3,0.666666666666667
Braum/Norra (BC/FR),Heimerdinger/Viktor (IO/PZ),2,3,0.666666666666667
Morgana (DE/SI),Mordekaiser (SI),2,3,0.666666666666667
Mordekaiser (SI),Braum/Norra (BC/FR),2,3,0.666666666666667
Kindred/Morgana (DE/SI),Aatrox/Kayn (RU/RU),2,3,0.666666666666667
Kindred/Morgana (DE/SI),Elise/Nocturne (SI),2,3,0.666666666666667
Master Yi/Zoe (IO/MT),Kindred/Mordekaiser (SI),2,3,0.666666666666667
Elise/Nocturne (SI),Kindred/Mordekaiser (SI),2,3,0.666666666666667
Viktor/Zoe (MT/PZ),Championless (SI),2,3,0.666666666666667
Mordekaiser (PZ/SI),Heimerdinger/Viktor (IO/PZ),2,3,0.666666666666667
Mordekaiser/Morgana (DE/SI),Janna/Nilah (BW/PZ),2,3,0.666666666666667
Heimerdinger/Viktor (IO/PZ),Nocturne (NX/SI),2,3,0.666666666666667
Mordekaiser/Morgana (DE/SI),Norra (BC/FR),2,3,0.666666666666667
Ezreal/Nilah (BW/PZ),Mordekaiser/Morgana (DE/SI),2,3,0.666666666666667
Draven (FR/NX),Morgana/Norra (BC/DE),2,3,0.666666666666667
Heimerdinger/Viktor (IO/PZ),Galio/Lux: Illuminated (DE/IO),2,3,0.666666666666667
Janna/Nilah (BW/PZ),Ahri/Kennen (BC/IO),2,3,0.666666666666667
Ezreal/Heimerdinger (PZ/SI),Nocturne (NX/SI),2,3,0.666666666666667
Ezreal/Heimerdinger (PZ/SI),Morgana/Udyr (DE/FR),2,3,0.666666666666667
Draven/Sejuani (FR/NX),Lux/Mordekaiser (DE/SI),2,3,0.666666666666667
Ezreal/Heimerdinger (PZ/SI),Lee Sin/Viktor (IO/PZ),2,3,0.666666666666667
Mordekaiser/Norra (BC/SI),Elise/Nocturne (NX/SI),8,34,0.235294117647059
Elise/Nocturne (NX/SI),Mordekaiser/Norra (BC/SI),26,34,0.764705882352941
Mordekaiser/Norra (BC/SI),Ahri/Kennen (BW/IO),2,2,1
Kayle/Lillia (IO/MT),Pyke/Rek'Sai (BW/SH),2,2,1
Draven/Rumble (BC/NX),Katarina/LeBlanc (FR/NX),2,2,1
Kayle/Lillia (IO/MT),Katarina/Sejuani (FR/NX),2,2,1
Draven/Rumble (BC/NX),Kayle/Lillia (IO/MT),2,2,1
Mordekaiser (BC/SI),Lissandra/Trundle (FR/IO),2,2,1
Draven/Rumble (BC/NX),Kindred/Mordekaiser (BC/SI),2,2,1
Morgana/Udyr (DE/FR),Elise/Nocturne (SI),2,2,1
Heimerdinger/Viktor (IO/PZ),Mordekaiser (BC/SI),2,2,1
Mordekaiser/Norra (BC/SI),Jarvan IV/Udyr (DE/FR),2,2,1
Kindred/Mordekaiser (BC/SI),Ezreal/Kennen (IO/PZ),2,2,1
Morgana/Udyr (DE/FR),Draven/Rumble (BC/NX),2,2,1
Morgana/Norra (BC/DE),Draven/Rumble (BC/NX),2,2,1
Renekton/Sivir (FR/SH),Akshan/Lee Sin (IO/SH),2,2,1
Heimerdinger/Viktor (IO/PZ),Aatrox/Morgana (RU/DE),2,2,1
Renekton/Sivir (FR/SH),Janna/Nilah (BW/PZ),2,2,1
Kayle/Lillia (IO/MT),Renekton/Sivir (FR/SH),2,2,1
Mordekaiser/Norra (BC/SI),Katarina/LeBlanc (FR/NX),2,2,1
Nocturne (NX/SI),Morgana/Udyr (DE/FR),2,2,1
Kindred/Morgana (DE/SI),LeBlanc/Sion (FR/NX),2,2,1
LeBlanc/Sion (FR/NX),Heimerdinger/Master Yi (IO/PZ),2,2,1
Kindred/Morgana (DE/SI),Kayle/Zed (IO/MT),2,2,1
Janna/Nilah (BW/PZ),Trundle/Tryndamere (FR/SI),2,2,1
Janna/Nilah (BW/PZ),Mordekaiser (BC/SI),2,2,1
Lee Sin/Zoe (IO/MT),Akshan/Lee Sin (IO/SH),2,2,1
Akshan/Pantheon (MT/SH),Elise/Nocturne (NX/SI),2,2,1
Morgana/Udyr (DE/FR),Pyke/Rek'Sai (BW/SH),2,2,1
Pyke/Rek'Sai (BW/SH),Lux/Udyr (DE/FR),2,2,1
Draven/Rumble (BC/NX),LeBlanc/Sion (FR/NX),2,2,1
Heimerdinger/Viktor (IO/PZ),Aatrox/Jarvan IV/Morgana (RU/DE),2,2,1
Janna/Nilah (BW/PZ),Vi/Viktor (BC/PZ),2,2,1
Mordekaiser (SI),Morgana/Senna (MT/SI),2,2,1
Mordekaiser (SI),Zilean (IO/SH),2,2,1
Miss Fortune (BW/NX),Morgana/Udyr (DE/FR),2,2,1
Aatrox/Kayn (RU/RU),Draven (FR/NX),2,2,1
Heimerdinger/Viktor (IO/PZ),Lissandra/Trundle (FR/SI),2,2,1
Heimerdinger/Viktor (IO/PZ),Norra (BC/SI),2,2,1
Heimerdinger/Viktor (IO/PZ),Aatrox/Quinn (RU/DE),2,2,1
Akshan/Renekton (NX/SH),Norra/Trundle (BC/FR),2,2,1
Draven/Janna (NX/PZ),Yuumi/Zoe (BC/MT),2,2,1
Quinn/Udyr (DE/FR),Master Yi/Zoe (IO/MT),2,2,1
Janna/Nilah (BW/PZ),Elise (FR/SI),2,2,1
Elise/Nocturne (NX/SI),Trundle/Tryndamere (FR/SI),2,2,1
Draven/Rumble (BC/NX),Quinn/Udyr (DE/FR),2,2,1
Akshan/Lee Sin (IO/SH),Akshan/Varus (SH/RU),2,2,1
Draven/Sejuani (FR/NX),Akshan/Varus (SH/RU),2,2,1
Draven/Sejuani (FR/NX),Ezreal/Nilah (BW/PZ),2,2,1
Draven/Sejuani (FR/NX),Ahri/Katarina (IO/NX),2,2,1
Morgana (DE/SI),Aatrox/Kayn (RU/RU),2,2,1
Aatrox/Kayn (RU/RU),Mordekaiser/Norra (BC/SI),2,2,1
Elise/Nocturne (NX/SI),Diana/Nocturne (MT/SI),2,2,1
Mordekaiser (SI),Akshan/Sejuani (FR/SH),2,2,1
Aatrox/Kayn (RU/RU),Braum/Norra (BC/FR),2,2,1
Elise/Nocturne (NX/SI),Morgana/Udyr (DE/FR),2,2,1
Morgana (DE/SI),Morgana/Norra (BC/DE),2,2,1
Draven/Katarina (DE/NX),Heimerdinger/Viktor (IO/PZ),2,2,1
Janna/Nilah (BW/PZ),Azir/Norra (BC/SH),2,2,1
Master Yi/Zoe (IO/MT),Galio/Udyr (DE/FR),2,2,1
Janna/Sejuani (FR/PZ),Draven (FR/NX),2,2,1
Elise/Nocturne (SI),Norra/Trundle (BC/FR),2,2,1
Janna/Sejuani (FR/PZ),Braum/Norra (BC/FR),2,2,1
LeBlanc/Sivir (NX/SH),Quinn/Udyr (DE/FR),2,2,1
Pyke/Rek'Sai (BW/SH),Diana/Norra (BC/MT),2,2,1
Janna/Nilah (BW/PZ),Norra (BC/PZ),2,2,1
Janna/Nilah (BW/PZ),Mordekaiser/Sion (NX/SI),2,2,1
Ahri/Katarina (IO/NX),Championless (IO/SI),2,2,1
Jhin/Kennen (IO/RU),Morgana/Udyr (FR/MT),2,2,1
Pyke/Rek'Sai (BW/SH),Janna/Sejuani (FR/PZ),2,2,1
Mordekaiser/Norra (BC/SI),Kindred/Mordekaiser (PZ/SI),2,2,1
Janna/Sejuani (FR/PZ),Master Yi/Zoe (IO/MT),2,2,1
Janna/Sejuani (FR/PZ),Morgana/Udyr (DE/FR),2,2,1
Elise/Nocturne (NX/SI),Braum/Yuumi (FR/MT),2,2,1
Ezreal/Nilah (BW/PZ),Aatrox/Kayn (RU/RU),2,2,1
Illaoi/Jarvan IV (BW/DE),Heimerdinger/Viktor (IO/PZ),2,2,1
Master Yi/Zoe (IO/MT),Draven/Sejuani (FR/NX),2,2,1
Janna/Nilah (BW/PZ),Galio/Udyr (DE/FR),2,2,1
Heimerdinger/Viktor (IO/PZ),Fizz/Lee Sin (BC/IO),2,2,1
Pyke/Rek'Sai (BW/SH),Lissandra/Trundle (FR/SI),2,2,1
Lissandra/Trundle (FR/SI),Elise/Nocturne (MT/SI),2,2,1
Heimerdinger/Viktor (IO/PZ),Championless (FR/SI),2,2,1
Elise/Nocturne (SI),Lissandra/Trundle (FR/SI),2,2,1
Heimerdinger/Norra (BC/SI),Lissandra/Trundle (FR/SI),2,2,1
Heimerdinger/Viktor (IO/PZ),Fizz/Yuumi (BC/FR),2,2,1
Morgana/Norra (BC/DE),Lee Sin/Master Yi/Zoe (IO/MT),2,2,1
Morgana/Norra (BC/DE),Kindred/Mordekaiser (BC/SI),2,2,1
Draven (FR/NX),Lux/Norra (BC/DE),2,2,1
Kindred/Morgana (DE/SI),Championless (FR/IO),2,2,1
Galio/Lux: Illuminated (DE/IO),Kindred/Mordekaiser (BC/SI),2,2,1
Mordekaiser (PZ/SI),Championless (FR/IO),2,2,1
Elise/Nocturne (NX/SI),Lissandra (FR/IO),2,2,1
Galio/Lux: Illuminated (DE/IO),Mordekaiser (PZ/SI),2,2,1
Janna/Nilah (BW/PZ),Senna/Viktor (PZ/SI),2,2,1
Nocturne (NX/SI),Elise/Nocturne (NX/SI),2,2,1
Janna/Nilah (BW/PZ),LeBlanc/Sivir (NX/SH),2,2,1
Morgana/Udyr (DE/FR),Master Yi/Norra (BC/IO),2,2,1
Senna/Viktor (PZ/SI),Kindred/Mordekaiser (BC/SI),2,2,1
Senna/Viktor (PZ/SI),Mordekaiser/Norra (BC/SI),2,2,1
Mordekaiser/Thresh (FR/SI),Heimerdinger/Viktor (IO/PZ),2,2,1
Janna/Nilah (BW/PZ),Championless (FR/SI),2,2,1
Heimerdinger/Viktor (IO/PZ),Lee Sin/Viktor (IO/PZ),2,2,1
Heimerdinger/Viktor (IO/PZ),Norra (BC/PZ),2,2,1
Janna/Sejuani (FR/PZ),Kindred/Mordekaiser (BC/SI),2,2,1
Draven (FR/NX),Kindred/Mordekaiser (BC/SI),2,2,1
Ahri/Kennen (BW/IO),Mordekaiser/Norra (BC/SI),0,2,0
Pyke/Rek'Sai (BW/SH),Kayle/Lillia (IO/MT),0,2,0
Katarina/LeBlanc (FR/NX),Draven/Rumble (BC/NX),0,2,0
Katarina/Sejuani (FR/NX),Kayle/Lillia (IO/MT),0,2,0
Kayle/Lillia (IO/MT),Draven/Rumble (BC/NX),0,2,0
Lissandra/Trundle (FR/IO),Mordekaiser (BC/SI),0,2,0
Kindred/Mordekaiser (BC/SI),Draven/Rumble (BC/NX),0,2,0
Elise/Nocturne (SI),Morgana/Udyr (DE/FR),0,2,0
Mordekaiser (BC/SI),Heimerdinger/Viktor (IO/PZ),0,2,0
Jarvan IV/Udyr (DE/FR),Mordekaiser/Norra (BC/SI),0,2,0
Ezreal/Kennen (IO/PZ),Kindred/Mordekaiser (BC/SI),0,2,0
Draven/Rumble (BC/NX),Morgana/Udyr (DE/FR),0,2,0
Draven/Rumble (BC/NX),Morgana/Norra (BC/DE),0,2,0
Akshan/Lee Sin (IO/SH),Renekton/Sivir (FR/SH),0,2,0
Aatrox/Morgana (RU/DE),Heimerdinger/Viktor (IO/PZ),0,2,0
Janna/Nilah (BW/PZ),Renekton/Sivir (FR/SH),0,2,0
Renekton/Sivir (FR/SH),Kayle/Lillia (IO/MT),0,2,0
Katarina/LeBlanc (FR/NX),Mordekaiser/Norra (BC/SI),0,2,0
Morgana/Udyr (DE/FR),Nocturne (NX/SI),0,2,0
LeBlanc/Sion (FR/NX),Kindred/Morgana (DE/SI),0,2,0
Heimerdinger/Master Yi (IO/PZ),LeBlanc/Sion (FR/NX),0,2,0
Kayle/Zed (IO/MT),Kindred/Morgana (DE/SI),0,2,0
Trundle/Tryndamere (FR/SI),Janna/Nilah (BW/PZ),0,2,0
Mordekaiser (BC/SI),Janna/Nilah (BW/PZ),0,2,0
Akshan/Lee Sin (IO/SH),Lee Sin/Zoe (IO/MT),0,2,0
Elise/Nocturne (NX/SI),Akshan/Pantheon (MT/SH),0,2,0
Pyke/Rek'Sai (BW/SH),Morgana/Udyr (DE/FR),0,2,0
Lux/Udyr (DE/FR),Pyke/Rek'Sai (BW/SH),0,2,0
LeBlanc/Sion (FR/NX),Draven/Rumble (BC/NX),0,2,0
Aatrox/Jarvan IV/Morgana (RU/DE),Heimerdinger/Viktor (IO/PZ),0,2,0
Vi/Viktor (BC/PZ),Janna/Nilah (BW/PZ),0,2,0
Morgana/Senna (MT/SI),Mordekaiser (SI),0,2,0
Zilean (IO/SH),Mordekaiser (SI),0,2,0
Morgana/Udyr (DE/FR),Miss Fortune (BW/NX),0,2,0
Draven (FR/NX),Aatrox/Kayn (RU/RU),0,2,0
Lissandra/Trundle (FR/SI),Heimerdinger/Viktor (IO/PZ),0,2,0
Norra (BC/SI),Heimerdinger/Viktor (IO/PZ),0,2,0
Aatrox/Quinn (RU/DE),Heimerdinger/Viktor (IO/PZ),0,2,0
Norra/Trundle (BC/FR),Akshan/Renekton (NX/SH),0,2,0
Yuumi/Zoe (BC/MT),Draven/Janna (NX/PZ),0,2,0
Master Yi/Zoe (IO/MT),Quinn/Udyr (DE/FR),0,2,0
Elise (FR/SI),Janna/Nilah (BW/PZ),0,2,0
Trundle/Tryndamere (FR/SI),Elise/Nocturne (NX/SI),0,2,0
Quinn/Udyr (DE/FR),Draven/Rumble (BC/NX),0,2,0
Akshan/Varus (SH/RU),Akshan/Lee Sin (IO/SH),0,2,0
Akshan/Varus (SH/RU),Draven/Sejuani (FR/NX),0,2,0
Ezreal/Nilah (BW/PZ),Draven/Sejuani (FR/NX),0,2,0
Ahri/Katarina (IO/NX),Draven/Sejuani (FR/NX),0,2,0
Aatrox/Kayn (RU/RU),Morgana (DE/SI),0,2,0
Mordekaiser/Norra (BC/SI),Aatrox/Kayn (RU/RU),0,2,0
Diana/Nocturne (MT/SI),Elise/Nocturne (NX/SI),0,2,0
Akshan/Sejuani (FR/SH),Mordekaiser (SI),0,2,0
Braum/Norra (BC/FR),Aatrox/Kayn (RU/RU),0,2,0
Morgana/Udyr (DE/FR),Elise/Nocturne (NX/SI),0,2,0
Morgana/Norra (BC/DE),Morgana (DE/SI),0,2,0
Heimerdinger/Viktor (IO/PZ),Draven/Katarina (DE/NX),0,2,0
Azir/Norra (BC/SH),Janna/Nilah (BW/PZ),0,2,0
Galio/Udyr (DE/FR),Master Yi/Zoe (IO/MT),0,2,0
Draven (FR/NX),Janna/Sejuani (FR/PZ),0,2,0
Norra/Trundle (BC/FR),Elise/Nocturne (SI),0,2,0
Braum/Norra (BC/FR),Janna/Sejuani (FR/PZ),0,2,0
Quinn/Udyr (DE/FR),LeBlanc/Sivir (NX/SH),0,2,0
Diana/Norra (BC/MT),Pyke/Rek'Sai (BW/SH),0,2,0
Norra (BC/PZ),Janna/Nilah (BW/PZ),0,2,0
Mordekaiser/Sion (NX/SI),Janna/Nilah (BW/PZ),0,2,0
Championless (IO/SI),Ahri/Katarina (IO/NX),0,2,0
Morgana/Udyr (FR/MT),Jhin/Kennen (IO/RU),0,2,0
Janna/Sejuani (FR/PZ),Pyke/Rek'Sai (BW/SH),0,2,0
Kindred/Mordekaiser (PZ/SI),Mordekaiser/Norra (BC/SI),0,2,0
Master Yi/Zoe (IO/MT),Janna/Sejuani (FR/PZ),0,2,0
Morgana/Udyr (DE/FR),Janna/Sejuani (FR/PZ),0,2,0
Braum/Yuumi (FR/MT),Elise/Nocturne (NX/SI),0,2,0
Aatrox/Kayn (RU/RU),Ezreal/Nilah (BW/PZ),0,2,0
Heimerdinger/Viktor (IO/PZ),Illaoi/Jarvan IV (BW/DE),0,2,0
Draven/Sejuani (FR/NX),Master Yi/Zoe (IO/MT),0,2,0
Galio/Udyr (DE/FR),Janna/Nilah (BW/PZ),0,2,0
Fizz/Lee Sin (BC/IO),Heimerdinger/Viktor (IO/PZ),0,2,0
Lissandra/Trundle (FR/SI),Pyke/Rek'Sai (BW/SH),0,2,0
Elise/Nocturne (MT/SI),Lissandra/Trundle (FR/SI),0,2,0
Championless (FR/SI),Heimerdinger/Viktor (IO/PZ),0,2,0
Lissandra/Trundle (FR/SI),Elise/Nocturne (SI),0,2,0
Lissandra/Trundle (FR/SI),Heimerdinger/Norra (BC/SI),0,2,0
Fizz/Yuumi (BC/FR),Heimerdinger/Viktor (IO/PZ),0,2,0
Lee Sin/Master Yi/Zoe (IO/MT),Morgana/Norra (BC/DE),0,2,0
Kindred/Mordekaiser (BC/SI),Morgana/Norra (BC/DE),0,2,0
Lux/Norra (BC/DE),Draven (FR/NX),0,2,0
Championless (FR/IO),Kindred/Morgana (DE/SI),0,2,0
Kindred/Mordekaiser (BC/SI),Galio/Lux: Illuminated (DE/IO),0,2,0
Championless (FR/IO),Mordekaiser (PZ/SI),0,2,0
Lissandra (FR/IO),Elise/Nocturne (NX/SI),0,2,0
Mordekaiser (PZ/SI),Galio/Lux: Illuminated (DE/IO),0,2,0
Senna/Viktor (PZ/SI),Janna/Nilah (BW/PZ),0,2,0
Elise/Nocturne (NX/SI),Nocturne (NX/SI),0,2,0
LeBlanc/Sivir (NX/SH),Janna/Nilah (BW/PZ),0,2,0
Master Yi/Norra (BC/IO),Morgana/Udyr (DE/FR),0,2,0
Kindred/Mordekaiser (BC/SI),Senna/Viktor (PZ/SI),0,2,0
Mordekaiser/Norra (BC/SI),Senna/Viktor (PZ/SI),0,2,0
Heimerdinger/Viktor (IO/PZ),Mordekaiser/Thresh (FR/SI),0,2,0
Championless (FR/SI),Janna/Nilah (BW/PZ),0,2,0
Lee Sin/Viktor (IO/PZ),Heimerdinger/Viktor (IO/PZ),0,2,0
Norra (BC/PZ),Heimerdinger/Viktor (IO/PZ),0,2,0
Kindred/Mordekaiser (BC/SI),Janna/Sejuani (FR/PZ),0,2,0
Kindred/Mordekaiser (BC/SI),Draven (FR/NX),0,2,0
Morgana/Udyr (DE/FR),Kayle/Lillia (IO/MT),3,7,0.428571428571429
Jayce/Lux (DE/PZ),Janna/Nilah (BW/PZ),3,7,0.428571428571429
Draven/Rumble (BC/NX),Mordekaiser/Norra (BC/SI),3,7,0.428571428571429
Mordekaiser/Norra (BC/SI),Norra/Trundle (BC/FR),3,7,0.428571428571429
Elise/Nocturne (NX/SI),Akshan/Lee Sin (IO/SH),3,7,0.428571428571429
Mordekaiser (PZ/SI),Elise/Nocturne (NX/SI),3,7,0.428571428571429
Heimerdinger/Viktor (IO/PZ),Akshan/Varus (SH/RU),3,7,0.428571428571429
Lissandra/Trundle (FR/SI),Draven (FR/NX),3,7,0.428571428571429
Draven (FR/NX),Elise/Nocturne (NX/SI),3,7,0.428571428571429
Kayle/Lillia (IO/MT),Morgana/Udyr (DE/FR),4,7,0.571428571428571
Janna/Nilah (BW/PZ),Jayce/Lux (DE/PZ),4,7,0.571428571428571
Mordekaiser/Norra (BC/SI),Draven/Rumble (BC/NX),4,7,0.571428571428571
Norra/Trundle (BC/FR),Mordekaiser/Norra (BC/SI),4,7,0.571428571428571
Akshan/Lee Sin (IO/SH),Elise/Nocturne (NX/SI),4,7,0.571428571428571
Elise/Nocturne (NX/SI),Mordekaiser (PZ/SI),4,7,0.571428571428571
Akshan/Varus (SH/RU),Heimerdinger/Viktor (IO/PZ),4,7,0.571428571428571
Draven (FR/NX),Lissandra/Trundle (FR/SI),4,7,0.571428571428571
Elise/Nocturne (NX/SI),Draven (FR/NX),4,7,0.571428571428571
Mordekaiser/Norra (BC/SI),Kindred/Mordekaiser (BC/SI),10,16,0.625
Kindred/Mordekaiser (BC/SI),Mordekaiser/Norra (BC/SI),6,16,0.375
Mordekaiser/Norra (BC/SI),Kayle/Lillia (IO/MT),10,18,0.555555555555556
Kayle/Lillia (IO/MT),Heimerdinger/Viktor (IO/PZ),10,18,0.555555555555556
Kayle/Lillia (IO/MT),Mordekaiser/Norra (BC/SI),8,18,0.444444444444444
Heimerdinger/Viktor (IO/PZ),Kayle/Lillia (IO/MT),8,18,0.444444444444444
Master Yi/Norra (BC/IO),Mordekaiser/Norra (BC/SI),1,4,0.25
Kayle/Lillia (IO/MT),Fizz/Zoe (BW/MT),1,4,0.25
Kayle/Lillia (IO/MT),Miss Fortune/Quinn (BW/DE),1,4,0.25
Akshan/Lee Sin (IO/SH),Braum/Norra (BC/FR),1,4,0.25
Kayle/Lillia (IO/MT),Akshan/Master Yi (IO/SH),1,4,0.25
Heimerdinger/Viktor (IO/PZ),Renekton/Sivir (FR/SH),1,4,0.25
Akshan/Lee Sin (IO/SH),Kindred/Morgana (DE/SI),1,4,0.25
Mordekaiser/Norra (BC/SI),LeBlanc/Sion (FR/NX),1,4,0.25
Pyke/Rek'Sai (BW/SH),Draven/Rumble (BC/NX),1,4,0.25
Fizz/Yuumi (BC/DE),Lee Sin/Zoe (IO/MT),1,4,0.25
Aatrox/Kayn (RU/RU),Heimerdinger/Viktor (IO/PZ),1,4,0.25
Draven (FR/NX),Akshan/Lee Sin (IO/SH),1,4,0.25
Miss Fortune (BW/NX),Mordekaiser/Norra (BC/SI),1,4,0.25
Ezreal/Nilah (BW/PZ),Janna/Nilah (BW/PZ),1,4,0.25
Akshan/Sivir (DE/SH),Janna/Nilah (BW/PZ),1,4,0.25
Janna/Nilah (BW/PZ),Morgana (DE/SI),1,4,0.25
Ezreal (PZ/SI),Janna/Nilah (BW/PZ),1,4,0.25
Mordekaiser/Norra (BC/SI),Master Yi/Zoe (IO/MT),1,4,0.25
Master Yi/Zoe (IO/MT),Janna/Nilah (BW/PZ),1,4,0.25
Elise/Nocturne (SI),Mordekaiser (SI),1,4,0.25
Senna/Viktor (PZ/SI),Mordekaiser/Morgana (DE/SI),1,4,0.25
Mordekaiser/Norra (BC/SI),Master Yi/Norra (BC/IO),3,4,0.75
Fizz/Zoe (BW/MT),Kayle/Lillia (IO/MT),3,4,0.75
Miss Fortune/Quinn (BW/DE),Kayle/Lillia (IO/MT),3,4,0.75
Braum/Norra (BC/FR),Akshan/Lee Sin (IO/SH),3,4,0.75
Akshan/Master Yi (IO/SH),Kayle/Lillia (IO/MT),3,4,0.75
Renekton/Sivir (FR/SH),Heimerdinger/Viktor (IO/PZ),3,4,0.75
Kindred/Morgana (DE/SI),Akshan/Lee Sin (IO/SH),3,4,0.75
LeBlanc/Sion (FR/NX),Mordekaiser/Norra (BC/SI),3,4,0.75
Draven/Rumble (BC/NX),Pyke/Rek'Sai (BW/SH),3,4,0.75
Lee Sin/Zoe (IO/MT),Fizz/Yuumi (BC/DE),3,4,0.75
Heimerdinger/Viktor (IO/PZ),Aatrox/Kayn (RU/RU),3,4,0.75
Akshan/Lee Sin (IO/SH),Draven (FR/NX),3,4,0.75
Mordekaiser/Norra (BC/SI),Miss Fortune (BW/NX),3,4,0.75
Janna/Nilah (BW/PZ),Ezreal/Nilah (BW/PZ),3,4,0.75
Janna/Nilah (BW/PZ),Akshan/Sivir (DE/SH),3,4,0.75
Morgana (DE/SI),Janna/Nilah (BW/PZ),3,4,0.75
Janna/Nilah (BW/PZ),Ezreal (PZ/SI),3,4,0.75
Master Yi/Zoe (IO/MT),Mordekaiser/Norra (BC/SI),3,4,0.75
Janna/Nilah (BW/PZ),Master Yi/Zoe (IO/MT),3,4,0.75
Mordekaiser (SI),Elise/Nocturne (SI),3,4,0.75
Mordekaiser/Morgana (DE/SI),Senna/Viktor (PZ/SI),3,4,0.75
Kayle/Lillia (IO/MT),Janna/Nilah (BW/PZ),4,8,0.5
Janna/Nilah (BW/PZ),Kayle/Lillia (IO/MT),4,8,0.5
Janna/Nilah (BW/PZ),Aatrox/Kayn (RU/RU),4,8,0.5
Aatrox/Kayn (RU/RU),Janna/Nilah (BW/PZ),4,8,0.5
Pyke/Rek'Sai (BW/SH),Pyke/Rek'Sai (BW/SH),4,8,0.5
Lillia/Norra (BC/IO),Janna/Nilah (BW/PZ),0,4,0
Draven/Rumble (BC/NX),Lee Sin/Zoe (IO/MT),0,4,0
Elise/Nocturne (SI),Elise/Nocturne (NX/SI),0,4,0
Elise/Nocturne (NX/SI),Master Yi/Zoe (IO/MT),0,4,0
Mordekaiser/Sion (NX/SI),Heimerdinger/Viktor (IO/PZ),0,4,0
Viktor/Zoe (MT/PZ),Janna/Sejuani (FR/PZ),0,4,0
Janna/Sejuani (FR/PZ),Janna/Nilah (BW/PZ),0,4,0
Heimerdinger/Viktor (IO/PZ),Ezreal/Heimerdinger (PZ/SI),0,4,0
Janna/Nilah (BW/PZ),Lillia/Norra (BC/IO),4,4,1
Lee Sin/Zoe (IO/MT),Draven/Rumble (BC/NX),4,4,1
Elise/Nocturne (NX/SI),Elise/Nocturne (SI),4,4,1
Master Yi/Zoe (IO/MT),Elise/Nocturne (NX/SI),4,4,1
Heimerdinger/Viktor (IO/PZ),Mordekaiser/Sion (NX/SI),4,4,1
Janna/Sejuani (FR/PZ),Viktor/Zoe (MT/PZ),4,4,1
Janna/Nilah (BW/PZ),Janna/Sejuani (FR/PZ),4,4,1
Ezreal/Heimerdinger (PZ/SI),Heimerdinger/Viktor (IO/PZ),4,4,1
Draven/Rumble (BC/NX),Ezreal/Nilah (BW/PZ),4,5,0.8
Akshan/Lee Sin (IO/SH),Pyke/Rek'Sai (BW/SH),4,5,0.8
Braum/Norra (BC/FR),Mordekaiser/Norra (BC/SI),4,5,0.8
Janna/Nilah (BW/PZ),Morgana/Norra (BC/DE),4,5,0.8
Janna/Nilah (BW/PZ),Kindred/Mordekaiser (BC/SI),4,5,0.8
Elise/Nocturne (NX/SI),Braum/Norra (BC/FR),4,5,0.8
Ezreal (PZ/SI),Elise/Nocturne (NX/SI),4,5,0.8
Elise/Nocturne (SI),Pyke/Rek'Sai (BW/SH),4,5,0.8
Akshan/Fizz (BC/SH),Master Yi/Zoe (IO/MT),4,5,0.8
Ezreal/Nilah (BW/PZ),Draven/Rumble (BC/NX),1,5,0.2
Pyke/Rek'Sai (BW/SH),Akshan/Lee Sin (IO/SH),1,5,0.2
Mordekaiser/Norra (BC/SI),Braum/Norra (BC/FR),1,5,0.2
Morgana/Norra (BC/DE),Janna/Nilah (BW/PZ),1,5,0.2
Kindred/Mordekaiser (BC/SI),Janna/Nilah (BW/PZ),1,5,0.2
Braum/Norra (BC/FR),Elise/Nocturne (NX/SI),1,5,0.2
Elise/Nocturne (NX/SI),Ezreal (PZ/SI),1,5,0.2
Pyke/Rek'Sai (BW/SH),Elise/Nocturne (SI),1,5,0.2
Master Yi/Zoe (IO/MT),Akshan/Fizz (BC/SH),1,5,0.2
Heimerdinger/Viktor (IO/PZ),Draven/Rumble (BC/NX),4,20,0.2
Draven/Rumble (BC/NX),Heimerdinger/Viktor (IO/PZ),16,20,0.8
Draven/Rumble (BC/NX),Janna/Nilah (BW/PZ),7,11,0.636363636363636
Mordekaiser/Norra (BC/SI),Morgana/Udyr (DE/FR),7,11,0.636363636363636
Janna/Nilah (BW/PZ),Draven/Rumble (BC/NX),4,11,0.363636363636364
Morgana/Udyr (DE/FR),Mordekaiser/Norra (BC/SI),4,11,0.363636363636364
Yuumi/Zoe (FR/MT),Mordekaiser/Norra (BC/SI),0,3,0
Aatrox/Kayn (RU/RU),Akshan/Lee Sin (IO/SH),0,3,0
Elise/Mordekaiser (FR/SI),Draven/Rumble (BC/NX),0,3,0
Nocturne (SI),Janna/Nilah (BW/PZ),0,3,0
Championless (MT/SI),Mordekaiser (SI),0,3,0
Akshan/Lee Sin (IO/SH),Mordekaiser (SI),0,3,0
Quinn/Udyr (DE/FR),Heimerdinger/Viktor (IO/PZ),0,3,0
Championless (PZ/SI),Janna/Nilah (BW/PZ),0,3,0
Akshan/Renekton (NX/SH),Elise/Nocturne (NX/SI),0,3,0
Pyke/Rek'Sai (BW/SH),Braum/Norra (BC/FR),0,3,0
Nocturne (NX/SI),Pyke/Rek'Sai (BW/SH),0,3,0
Mordekaiser (SI),Ahri/Katarina (IO/NX),0,3,0
Elise/Nocturne (SI),Janna/Sejuani (FR/PZ),0,3,0
Lux/Norra (BC/DE),Elise/Nocturne (SI),0,3,0
Heimerdinger/Viktor (IO/PZ),Illaoi/Mordekaiser (BW/SI),0,3,0
Elise/Nocturne (SI),Draven (FR/NX),0,3,0
Kayle/Lillia (IO/MT),Nocturne (NX/SI),0,3,0
Mordekaiser/Norra (BC/SI),Yuumi/Zoe (FR/MT),3,3,1
Akshan/Lee Sin (IO/SH),Aatrox/Kayn (RU/RU),3,3,1
Draven/Rumble (BC/NX),Elise/Mordekaiser (FR/SI),3,3,1
Janna/Nilah (BW/PZ),Nocturne (SI),3,3,1
Mordekaiser (SI),Championless (MT/SI),3,3,1
Mordekaiser (SI),Akshan/Lee Sin (IO/SH),3,3,1
Heimerdinger/Viktor (IO/PZ),Quinn/Udyr (DE/FR),3,3,1
Janna/Nilah (BW/PZ),Championless (PZ/SI),3,3,1
Elise/Nocturne (NX/SI),Akshan/Renekton (NX/SH),3,3,1
Braum/Norra (BC/FR),Pyke/Rek'Sai (BW/SH),3,3,1
Pyke/Rek'Sai (BW/SH),Nocturne (NX/SI),3,3,1
Ahri/Katarina (IO/NX),Mordekaiser (SI),3,3,1
Janna/Sejuani (FR/PZ),Elise/Nocturne (SI),3,3,1
Elise/Nocturne (SI),Lux/Norra (BC/DE),3,3,1
Illaoi/Mordekaiser (BW/SI),Heimerdinger/Viktor (IO/PZ),3,3,1
Draven (FR/NX),Elise/Nocturne (SI),3,3,1
Nocturne (NX/SI),Kayle/Lillia (IO/MT),3,3,1
Elise/Nocturne (NX/SI),Janna/Nilah (BW/PZ),26,47,0.553191489361702
Janna/Nilah (BW/PZ),Elise/Nocturne (NX/SI),21,47,0.446808510638298
Morgana/Udyr (DE/FR),Morgana/Udyr (DE/FR),5,10,0.5
Jayce/Lux (DE/PZ),Heimerdinger/Viktor (IO/PZ),5,10,0.5
Heimerdinger/Viktor (IO/PZ),Jayce/Lux (DE/PZ),5,10,0.5
Morgana/Udyr (DE/FR),Heimerdinger/Viktor (IO/PZ),5,10,0.5
Heimerdinger/Viktor (IO/PZ),Morgana/Udyr (DE/FR),5,10,0.5
Janna/Sejuani (FR/PZ),Janna/Sejuani (FR/PZ),5,10,0.5
Heimerdinger/Viktor (IO/PZ),Akshan/Lee Sin (IO/SH),8,11,0.727272727272727
Morgana (DE/SI),Elise/Nocturne (NX/SI),8,11,0.727272727272727
Heimerdinger/Viktor (IO/PZ),Janna/Sejuani (FR/PZ),8,11,0.727272727272727
Akshan/Lee Sin (IO/SH),Heimerdinger/Viktor (IO/PZ),3,11,0.272727272727273
Elise/Nocturne (NX/SI),Morgana (DE/SI),3,11,0.272727272727273
Janna/Sejuani (FR/PZ),Heimerdinger/Viktor (IO/PZ),3,11,0.272727272727273
Kindred/Morgana (DE/SI),Heimerdinger/Viktor (IO/PZ),2,10,0.2
Heimerdinger/Viktor (IO/PZ),Kindred/Morgana (DE/SI),8,10,0.8
Elise/Nocturne (NX/SI),Heimerdinger/Viktor (IO/PZ),21,34,0.617647058823529
Heimerdinger/Viktor (IO/PZ),Elise/Nocturne (NX/SI),13,34,0.382352941176471
Janna/Nilah (BW/PZ),Janna/Nilah (BW/PZ),24,48,0.5
Heimerdinger/Viktor (IO/PZ),Kindred/Mordekaiser (BC/SI),4,9,0.444444444444444
Kindred/Morgana (DE/SI),Mordekaiser/Norra (BC/SI),4,9,0.444444444444444
Pyke/Rek'Sai (BW/SH),Mordekaiser (SI),4,9,0.444444444444444
Draven (FR/NX),Janna/Nilah (BW/PZ),4,9,0.444444444444444
Kindred/Mordekaiser (BC/SI),Heimerdinger/Viktor (IO/PZ),5,9,0.555555555555556
Mordekaiser/Norra (BC/SI),Kindred/Morgana (DE/SI),5,9,0.555555555555556
Mordekaiser (SI),Pyke/Rek'Sai (BW/SH),5,9,0.555555555555556
Janna/Nilah (BW/PZ),Draven (FR/NX),5,9,0.555555555555556
Heimerdinger/Viktor (IO/PZ),Morgana/Norra (BC/DE),6,18,0.333333333333333
Morgana/Norra (BC/DE),Heimerdinger/Viktor (IO/PZ),12,18,0.666666666666667
Jayce/Lux (DE/PZ),Mordekaiser/Norra (BC/SI),3,8,0.375
Heimerdinger/Viktor (IO/PZ),Norra/Trundle (BC/FR),3,8,0.375
Mordekaiser (SI),Janna/Sejuani (FR/PZ),3,8,0.375
Mordekaiser/Norra (BC/SI),Jayce/Lux (DE/PZ),5,8,0.625
Norra/Trundle (BC/FR),Heimerdinger/Viktor (IO/PZ),5,8,0.625
Janna/Sejuani (FR/PZ),Mordekaiser (SI),5,8,0.625
Pyke/Rek'Sai (BW/SH),Mordekaiser/Norra (BC/SI),11,23,0.478260869565217
Mordekaiser/Norra (BC/SI),Pyke/Rek'Sai (BW/SH),12,23,0.521739130434783
Mordekaiser/Nocturne (SI),Mordekaiser/Norra (BC/SI),4,6,0.666666666666667
Elise/Nocturne (NX/SI),Ezreal/Nilah (BW/PZ),4,6,0.666666666666667
Elise/Nocturne (NX/SI),Kindred/Morgana (DE/SI),4,6,0.666666666666667
Draven/Sejuani (FR/NX),Mordekaiser/Norra (BC/SI),4,6,0.666666666666667
Mordekaiser (SI),Akshan/Varus (SH/RU),4,6,0.666666666666667
Heimerdinger/Viktor (IO/PZ),Draven/Sejuani (FR/NX),4,6,0.666666666666667
Mordekaiser/Morgana (DE/SI),Lux/Norra (BC/DE),4,6,0.666666666666667
Mordekaiser/Norra (BC/SI),Mordekaiser/Nocturne (SI),2,6,0.333333333333333
Ezreal/Nilah (BW/PZ),Elise/Nocturne (NX/SI),2,6,0.333333333333333
Kindred/Morgana (DE/SI),Elise/Nocturne (NX/SI),2,6,0.333333333333333
Mordekaiser/Norra (BC/SI),Draven/Sejuani (FR/NX),2,6,0.333333333333333
Akshan/Varus (SH/RU),Mordekaiser (SI),2,6,0.333333333333333
Draven/Sejuani (FR/NX),Heimerdinger/Viktor (IO/PZ),2,6,0.333333333333333
Lux/Norra (BC/DE),Mordekaiser/Morgana (DE/SI),2,6,0.333333333333333
Kindred/Morgana (DE/SI),Kindred/Morgana (DE/SI),3,6,0.5
Kindred/Morgana (DE/SI),Draven/Rumble (BC/NX),3,6,0.5
Draven/Rumble (BC/NX),Kindred/Morgana (DE/SI),3,6,0.5
Braum/Norra (BC/FR),Janna/Nilah (BW/PZ),3,6,0.5
Janna/Nilah (BW/PZ),Braum/Norra (BC/FR),3,6,0.5
Mordekaiser (SI),Mordekaiser (SI),3,6,0.5
Mordekaiser (SI),Draven/Sejuani (FR/NX),3,6,0.5
Draven/Sejuani (FR/NX),Mordekaiser (SI),3,6,0.5
Draven/Sejuani (FR/NX),Draven/Sejuani (FR/NX),3,6,0.5
Elise/Nocturne (SI),Mordekaiser/Norra (BC/SI),3,6,0.5
Mordekaiser/Norra (BC/SI),Elise/Nocturne (SI),3,6,0.5
Heimerdinger/Viktor (IO/PZ),Lee Sin/Zoe (IO/MT),8,12,0.666666666666667
Heimerdinger/Viktor (IO/PZ),Draven (FR/NX),8,12,0.666666666666667
Draven/Sejuani (FR/NX),Elise/Nocturne (NX/SI),8,12,0.666666666666667
Lee Sin/Zoe (IO/MT),Heimerdinger/Viktor (IO/PZ),4,12,0.333333333333333
Draven (FR/NX),Heimerdinger/Viktor (IO/PZ),4,12,0.333333333333333
Elise/Nocturne (NX/SI),Draven/Sejuani (FR/NX),4,12,0.333333333333333
Mordekaiser/Norra (BC/SI),Lee Sin/Zoe (IO/MT),5,6,0.833333333333333
Mordekaiser (SI),Aatrox/Kayn (RU/RU),5,6,0.833333333333333
Janna/Nilah (BW/PZ),Norra/Trundle (BC/FR),5,6,0.833333333333333
Lee Sin/Zoe (IO/MT),Mordekaiser/Norra (BC/SI),1,6,0.166666666666667
Aatrox/Kayn (RU/RU),Mordekaiser (SI),1,6,0.166666666666667
Norra/Trundle (BC/FR),Janna/Nilah (BW/PZ),1,6,0.166666666666667
Elise/Nocturne (NX/SI),Pyke/Rek'Sai (BW/SH),12,21,0.571428571428571
Pyke/Rek'Sai (BW/SH),Elise/Nocturne (NX/SI),9,21,0.428571428571429
Mordekaiser (SI),Mordekaiser/Norra (BC/SI),2,9,0.222222222222222
Janna/Nilah (BW/PZ),Galio/Lux: Illuminated (DE/IO),2,9,0.222222222222222
Mordekaiser/Norra (BC/SI),Mordekaiser (SI),7,9,0.777777777777778
Galio/Lux: Illuminated (DE/IO),Janna/Nilah (BW/PZ),7,9,0.777777777777778
Mordekaiser (SI),Janna/Nilah (BW/PZ),12,27,0.444444444444444
Janna/Nilah (BW/PZ),Mordekaiser (SI),15,27,0.555555555555556
Heimerdinger/Viktor (IO/PZ),Mordekaiser (SI),8,17,0.470588235294118
Elise/Nocturne (NX/SI),Mordekaiser (SI),8,17,0.470588235294118
Mordekaiser (SI),Heimerdinger/Viktor (IO/PZ),9,17,0.529411764705882
Mordekaiser (SI),Elise/Nocturne (NX/SI),9,17,0.529411764705882
Janna/Nilah (BW/PZ),Kindred/Morgana (DE/SI),6,8,0.75
Kindred/Morgana (DE/SI),Janna/Nilah (BW/PZ),2,8,0.25
Heimerdinger/Viktor (IO/PZ),Mordekaiser/Morgana (DE/SI),6,9,0.666666666666667
Morgana/Udyr (DE/FR),Janna/Nilah (BW/PZ),6,9,0.666666666666667
Mordekaiser/Morgana (DE/SI),Heimerdinger/Viktor (IO/PZ),3,9,0.333333333333333
Janna/Nilah (BW/PZ),Morgana/Udyr (DE/FR),3,9,0.333333333333333
Draven/Sejuani (FR/NX),Janna/Nilah (BW/PZ),4,10,0.4
Janna/Nilah (BW/PZ),Draven/Sejuani (FR/NX),6,10,0.6
Ezreal/Nilah (BW/PZ),Heimerdinger/Viktor (IO/PZ),0,5,0
Senna/Viktor (PZ/SI),Heimerdinger/Viktor (IO/PZ),0,5,0
Heimerdinger/Viktor (IO/PZ),Ezreal/Nilah (BW/PZ),5,5,1
Heimerdinger/Viktor (IO/PZ),Senna/Viktor (PZ/SI),5,5,1
Mordekaiser/Norra (BC/SI),Morgana/Norra (BC/DE),7,7,1
Morgana/Norra (BC/DE),Mordekaiser/Norra (BC/SI),0,7,0
Elise/Nocturne (NX/SI),Janna/Sejuani (FR/PZ),1,7,0.142857142857143
Janna/Sejuani (FR/PZ),Elise/Nocturne (NX/SI),6,7,0.857142857142857
Janna/Sejuani (FR/PZ),Mordekaiser/Norra (BC/SI),11,15,0.733333333333333
Mordekaiser/Norra (BC/SI),Janna/Sejuani (FR/PZ),4,15,0.266666666666667
Mordekaiser/Morgana (DE/SI),Draven (FR/NX),6,13,0.461538461538462
Draven (FR/NX),Mordekaiser/Morgana (DE/SI),7,13,0.538461538461538
Mordekaiser/Norra (BC/SI),Nocturne (NX/SI),1,8,0.125
Nocturne (NX/SI),Mordekaiser/Norra (BC/SI),7,8,0.875
