game_start_time_utc,playerDeck,n,freq,label
2022-02-16,Senna/Veigar,50,0.359712230215827,Master
2022-02-16,Pantheon/Yuumi (DE/MT),4,0.0287769784172662,Master
2022-02-16,Tri-Beam (NX/PZ),0,0,Master
2022-02-16,Gnar/Teemo/Tristana (BC/DE),0,0,Master
2022-02-16,Pyke/Rek'Sai,18,0.129496402877698,Master
2022-02-16,Akshan/Sivir (DE/SH),0,0,Master
2022-02-16,BandleTree,22,0.158273381294964,Master
2022-02-16,Miss Fortune/Quinn,19,0.136690647482014,Master
2022-02-16,Fizz/Lulu (BC/PZ),19,0.136690647482014,Master
2022-02-16,Gnar/Trundle (FR/PZ),7,0.0503597122302158,Master
2022-02-16,Lissandra/Trundle (FR/SI),0,0,Master
2022-02-16,Pantheon/Taric/Yuumi (DE/MT),0,0,Master
2022-02-17,Senna/Veigar,69,0.138832997987928,Master
2022-02-17,Pantheon/Yuumi (DE/MT),6,0.0120724346076459,Master
2022-02-17,Tri-Beam (NX/PZ),10,0.0201207243460765,Master
2022-02-17,Gnar/Teemo/Tristana (BC/DE),0,0,Master
2022-02-17,Pyke/Rek'Sai,114,0.229376257545272,Master
2022-02-17,Akshan/Sivir (DE/SH),2,0.00402414486921529,Master
2022-02-17,BandleTree,116,0.233400402414487,Master
2022-02-17,Miss Fortune/Quinn,88,0.177062374245473,Master
2022-02-17,Fizz/Lulu (BC/PZ),36,0.0724346076458753,Master
2022-02-17,Gnar/Trundle (FR/PZ),53,0.106639839034205,Master
2022-02-17,Lissandra/Trundle (FR/SI),0,0,Master
2022-02-17,Pantheon/Taric/Yuumi (DE/MT),3,0.00603621730382294,Master
2022-02-18,Senna/Veigar,65,0.140086206896552,Master
2022-02-18,Pantheon/Yuumi (DE/MT),3,0.00646551724137931,Master
2022-02-18,Tri-Beam (NX/PZ),9,0.0193965517241379,Master
2022-02-18,Gnar/Teemo/Tristana (BC/DE),0,0,Master
2022-02-18,Pyke/Rek'Sai,115,0.247844827586207,Master
2022-02-18,Akshan/Sivir (DE/SH),8,0.0172413793103448,Master
2022-02-18,BandleTree,115,0.247844827586207,Master
2022-02-18,Miss Fortune/Quinn,34,0.0732758620689655,Master
2022-02-18,Fizz/Lulu (BC/PZ),37,0.0797413793103448,Master
2022-02-18,Gnar/Trundle (FR/PZ),76,0.163793103448276,Master
2022-02-18,Lissandra/Trundle (FR/SI),0,0,Master
2022-02-18,Pantheon/Taric/Yuumi (DE/MT),2,0.00431034482758621,Master
2022-02-19,Senna/Veigar,52,0.0947176684881603,Master
2022-02-19,Pantheon/Yuumi (DE/MT),11,0.0200364298724954,Master
2022-02-19,Tri-Beam (NX/PZ),44,0.0801457194899818,Master
2022-02-19,Gnar/Teemo/Tristana (BC/DE),0,0,Master
2022-02-19,Pyke/Rek'Sai,80,0.145719489981785,Master
2022-02-19,Akshan/Sivir (DE/SH),21,0.0382513661202186,Master
2022-02-19,BandleTree,163,0.296903460837887,Master
2022-02-19,Miss Fortune/Quinn,45,0.0819672131147541,Master
2022-02-19,Fizz/Lulu (BC/PZ),14,0.0255009107468124,Master
2022-02-19,Gnar/Trundle (FR/PZ),118,0.214936247723133,Master
2022-02-19,Lissandra/Trundle (FR/SI),0,0,Master
2022-02-19,Pantheon/Taric/Yuumi (DE/MT),1,0.00182149362477231,Master
2022-02-20,Senna/Veigar,119,0.107014388489209,Master
2022-02-20,Pantheon/Yuumi (DE/MT),16,0.0143884892086331,Master
2022-02-20,Tri-Beam (NX/PZ),30,0.0269784172661871,Master
2022-02-20,Gnar/Teemo/Tristana (BC/DE),25,0.0224820143884892,Master
2022-02-20,Pyke/Rek'Sai,144,0.129496402877698,Master
2022-02-20,Akshan/Sivir (DE/SH),25,0.0224820143884892,Master
2022-02-20,BandleTree,225,0.202338129496403,Master
2022-02-20,Miss Fortune/Quinn,158,0.142086330935252,Master
2022-02-20,Fizz/Lulu (BC/PZ),61,0.0548561151079137,Master
2022-02-20,Gnar/Trundle (FR/PZ),308,0.276978417266187,Master
2022-02-20,Lissandra/Trundle (FR/SI),1,0.000899280575539568,Master
2022-02-20,Pantheon/Taric/Yuumi (DE/MT),0,0,Master
2022-02-21,Senna/Veigar,179,0.143659711075441,Master
2022-02-21,Pantheon/Yuumi (DE/MT),23,0.0184590690208668,Master
2022-02-21,Tri-Beam (NX/PZ),78,0.0626003210272873,Master
2022-02-21,Gnar/Teemo/Tristana (BC/DE),80,0.0642054574638844,Master
2022-02-21,Pyke/Rek'Sai,213,0.170947030497592,Master
2022-02-21,Akshan/Sivir (DE/SH),10,0.00802568218298555,Master
2022-02-21,BandleTree,159,0.12760834670947,Master
2022-02-21,Miss Fortune/Quinn,166,0.13322632423756,Master
2022-02-21,Fizz/Lulu (BC/PZ),28,0.0224719101123596,Master
2022-02-21,Gnar/Trundle (FR/PZ),308,0.247191011235955,Master
2022-02-21,Lissandra/Trundle (FR/SI),1,0.000802568218298555,Master
2022-02-21,Pantheon/Taric/Yuumi (DE/MT),1,0.000802568218298555,Master
2022-02-22,Senna/Veigar,268,0.169405815423515,Master
2022-02-22,Pantheon/Yuumi (DE/MT),38,0.0240202275600506,Master
2022-02-22,Tri-Beam (NX/PZ),35,0.0221238938053097,Master
2022-02-22,Gnar/Teemo/Tristana (BC/DE),70,0.0442477876106195,Master
2022-02-22,Pyke/Rek'Sai,257,0.162452591656131,Master
2022-02-22,Akshan/Sivir (DE/SH),45,0.0284450063211125,Master
2022-02-22,BandleTree,193,0.121997471554994,Master
2022-02-22,Miss Fortune/Quinn,224,0.141592920353982,Master
2022-02-22,Fizz/Lulu (BC/PZ),32,0.0202275600505689,Master
2022-02-22,Gnar/Trundle (FR/PZ),399,0.252212389380531,Master
2022-02-22,Lissandra/Trundle (FR/SI),4,0.00252844500632111,Master
2022-02-22,Pantheon/Taric/Yuumi (DE/MT),17,0.0107458912768647,Master
2022-02-23,Senna/Veigar,243,0.121804511278196,Master
2022-02-23,Pantheon/Yuumi (DE/MT),82,0.0411027568922306,Master
2022-02-23,Tri-Beam (NX/PZ),31,0.0155388471177945,Master
2022-02-23,Gnar/Teemo/Tristana (BC/DE),252,0.126315789473684,Master
2022-02-23,Pyke/Rek'Sai,245,0.12280701754386,Master
2022-02-23,Akshan/Sivir (DE/SH),114,0.0571428571428571,Master
2022-02-23,BandleTree,155,0.0776942355889724,Master
2022-02-23,Miss Fortune/Quinn,342,0.171428571428571,Master
2022-02-23,Fizz/Lulu (BC/PZ),60,0.0300751879699248,Master
2022-02-23,Gnar/Trundle (FR/PZ),458,0.229573934837093,Master
2022-02-23,Lissandra/Trundle (FR/SI),0,0,Master
2022-02-23,Pantheon/Taric/Yuumi (DE/MT),13,0.00651629072681704,Master
2022-02-24,Senna/Veigar,285,0.134180790960452,Master
2022-02-24,Pantheon/Yuumi (DE/MT),114,0.0536723163841808,Master
2022-02-24,Tri-Beam (NX/PZ),33,0.0155367231638418,Master
2022-02-24,Gnar/Teemo/Tristana (BC/DE),170,0.0800376647834275,Master
2022-02-24,Pyke/Rek'Sai,419,0.197269303201507,Master
2022-02-24,Akshan/Sivir (DE/SH),78,0.0367231638418079,Master
2022-02-24,BandleTree,240,0.112994350282486,Master
2022-02-24,Miss Fortune/Quinn,319,0.150188323917138,Master
2022-02-24,Fizz/Lulu (BC/PZ),34,0.0160075329566855,Master
2022-02-24,Gnar/Trundle (FR/PZ),410,0.193032015065913,Master
2022-02-24,Lissandra/Trundle (FR/SI),8,0.00376647834274953,Master
2022-02-24,Pantheon/Taric/Yuumi (DE/MT),14,0.00659133709981168,Master
2022-02-25,Senna/Veigar,253,0.120763723150358,Master
2022-02-25,Pantheon/Yuumi (DE/MT),188,0.0897374701670644,Master
2022-02-25,Tri-Beam (NX/PZ),34,0.0162291169451074,Master
2022-02-25,Gnar/Teemo/Tristana (BC/DE),217,0.103579952267303,Master
2022-02-25,Pyke/Rek'Sai,337,0.160859188544153,Master
2022-02-25,Akshan/Sivir (DE/SH),118,0.0563245823389021,Master
2022-02-25,BandleTree,286,0.136515513126492,Master
2022-02-25,Miss Fortune/Quinn,248,0.118377088305489,Master
2022-02-25,Fizz/Lulu (BC/PZ),36,0.0171837708830549,Master
2022-02-25,Gnar/Trundle (FR/PZ),358,0.170883054892601,Master
2022-02-25,Lissandra/Trundle (FR/SI),0,0,Master
2022-02-25,Pantheon/Taric/Yuumi (DE/MT),20,0.00954653937947494,Master
2022-02-26,Senna/Veigar,357,0.149434910004186,Master
2022-02-26,Pantheon/Yuumi (DE/MT),271,0.113436584344914,Master
2022-02-26,Tri-Beam (NX/PZ),40,0.0167434072833822,Master
2022-02-26,Gnar/Teemo/Tristana (BC/DE),240,0.100460443700293,Master
2022-02-26,Pyke/Rek'Sai,399,0.167015487651737,Master
2022-02-26,Akshan/Sivir (DE/SH),62,0.0259522812892424,Master
2022-02-26,BandleTree,206,0.0862285475094182,Master
2022-02-26,Miss Fortune/Quinn,324,0.135621598995396,Master
2022-02-26,Fizz/Lulu (BC/PZ),54,0.0226035998325659,Master
2022-02-26,Gnar/Trundle (FR/PZ),346,0.144830473001256,Master
2022-02-26,Lissandra/Trundle (FR/SI),19,0.00795311845960653,Master
2022-02-26,Pantheon/Taric/Yuumi (DE/MT),71,0.0297195479280034,Master
2022-02-27,Senna/Veigar,252,0.113924050632911,Master
2022-02-27,Pantheon/Yuumi (DE/MT),321,0.145117540687161,Master
2022-02-27,Tri-Beam (NX/PZ),13,0.00587703435804702,Master
2022-02-27,Gnar/Teemo/Tristana (BC/DE),206,0.093128390596745,Master
2022-02-27,Pyke/Rek'Sai,288,0.130198915009042,Master
2022-02-27,Akshan/Sivir (DE/SH),124,0.0560578661844485,Master
2022-02-27,BandleTree,263,0.118896925858951,Master
2022-02-27,Miss Fortune/Quinn,336,0.151898734177215,Master
2022-02-27,Fizz/Lulu (BC/PZ),79,0.0357142857142857,Master
2022-02-27,Gnar/Trundle (FR/PZ),265,0.119801084990958,Master
2022-02-27,Lissandra/Trundle (FR/SI),5,0.00226039783001808,Master
2022-02-27,Pantheon/Taric/Yuumi (DE/MT),60,0.027124773960217,Master
2022-02-28,Senna/Veigar,360,0.122116689280868,Master
2022-02-28,Pantheon/Yuumi (DE/MT),413,0.140094979647218,Master
2022-02-28,Tri-Beam (NX/PZ),75,0.0254409769335142,Master
2022-02-28,Gnar/Teemo/Tristana (BC/DE),283,0.0959972862957938,Master
2022-02-28,Pyke/Rek'Sai,400,0.135685210312076,Master
2022-02-28,Akshan/Sivir (DE/SH),185,0.0627544097693352,Master
2022-02-28,BandleTree,247,0.0837856173677069,Master
2022-02-28,Miss Fortune/Quinn,417,0.141451831750339,Master
2022-02-28,Fizz/Lulu (BC/PZ),69,0.0234056987788331,Master
2022-02-28,Gnar/Trundle (FR/PZ),364,0.123473541383989,Master
2022-02-28,Lissandra/Trundle (FR/SI),14,0.00474898236092266,Master
2022-02-28,Pantheon/Taric/Yuumi (DE/MT),121,0.041044776119403,Master
2022-03-01,Senna/Veigar,632,0.177827799662352,Master
2022-03-01,Pantheon/Yuumi (DE/MT),583,0.164040517726505,Master
2022-03-01,Tri-Beam (NX/PZ),132,0.0371412492965673,Master
2022-03-01,Gnar/Teemo/Tristana (BC/DE),241,0.0678109172763084,Master
2022-03-01,Pyke/Rek'Sai,488,0.137310073157006,Master
2022-03-01,Akshan/Sivir (DE/SH),279,0.0785030951041081,Master
2022-03-01,BandleTree,286,0.080472706809229,Master
2022-03-01,Miss Fortune/Quinn,435,0.122397298818233,Master
2022-03-01,Fizz/Lulu (BC/PZ),114,0.032076533483399,Master
2022-03-01,Gnar/Trundle (FR/PZ),259,0.0728756330894766,Master
2022-03-01,Lissandra/Trundle (FR/SI),5,0.00140686550365785,Master
2022-03-01,Pantheon/Taric/Yuumi (DE/MT),100,0.028137310073157,Master
2022-03-02,Senna/Veigar,700,0.172074729596853,Master
2022-03-02,Pantheon/Yuumi (DE/MT),585,0.143805309734513,Master
2022-03-02,Tri-Beam (NX/PZ),309,0.0759587020648968,Master
2022-03-02,Gnar/Teemo/Tristana (BC/DE),286,0.0703048180924287,Master
2022-03-02,Pyke/Rek'Sai,509,0.125122910521141,Master
2022-03-02,Akshan/Sivir (DE/SH),336,0.0825958702064897,Master
2022-03-02,BandleTree,484,0.11897738446411,Master
2022-03-02,Miss Fortune/Quinn,319,0.078416912487709,Master
2022-03-02,Fizz/Lulu (BC/PZ),78,0.0191740412979351,Master
2022-03-02,Gnar/Trundle (FR/PZ),349,0.0857915437561455,Master
2022-03-02,Lissandra/Trundle (FR/SI),11,0.00270403146509341,Master
2022-03-02,Pantheon/Taric/Yuumi (DE/MT),102,0.0250737463126844,Master
2022-03-03,Senna/Veigar,655,0.151760889712697,Master
2022-03-03,Pantheon/Yuumi (DE/MT),660,0.15291936978684,Master
2022-03-03,Tri-Beam (NX/PZ),467,0.108202038924931,Master
2022-03-03,Gnar/Teemo/Tristana (BC/DE),410,0.0949953660797034,Master
2022-03-03,Pyke/Rek'Sai,342,0.0792400370713624,Master
2022-03-03,Akshan/Sivir (DE/SH),447,0.10356811862836,Master
2022-03-03,BandleTree,450,0.104263206672845,Master
2022-03-03,Miss Fortune/Quinn,323,0.07483781278962,Master
2022-03-03,Fizz/Lulu (BC/PZ),62,0.0143651529193698,Master
2022-03-03,Gnar/Trundle (FR/PZ),376,0.0871177015755329,Master
2022-03-03,Lissandra/Trundle (FR/SI),0,0,Master
2022-03-03,Pantheon/Taric/Yuumi (DE/MT),124,0.0287303058387396,Master
2022-03-04,Senna/Veigar,543,0.131381563029277,Master
2022-03-04,Pantheon/Yuumi (DE/MT),513,0.124122913138156,Master
2022-03-04,Tri-Beam (NX/PZ),458,0.110815388337769,Master
2022-03-04,Gnar/Teemo/Tristana (BC/DE),339,0.0820227437696589,Master
2022-03-04,Pyke/Rek'Sai,326,0.0788773288168401,Master
2022-03-04,Akshan/Sivir (DE/SH),456,0.110331478345028,Master
2022-03-04,BandleTree,334,0.0808129687878055,Master
2022-03-04,Miss Fortune/Quinn,331,0.0800871037986934,Master
2022-03-04,Fizz/Lulu (BC/PZ),88,0.0212920396806194,Master
2022-03-04,Gnar/Trundle (FR/PZ),462,0.111783208323252,Master
2022-03-04,Lissandra/Trundle (FR/SI),0,0,Master
2022-03-04,Pantheon/Taric/Yuumi (DE/MT),283,0.0684732639729011,Master
2022-03-05,Senna/Veigar,616,0.154734991208239,Master
2022-03-05,Pantheon/Yuumi (DE/MT),477,0.119819140919367,Master
2022-03-05,Tri-Beam (NX/PZ),403,0.101230846520975,Master
2022-03-05,Gnar/Teemo/Tristana (BC/DE),300,0.0753579502637528,Master
2022-03-05,Pyke/Rek'Sai,516,0.129615674453655,Master
2022-03-05,Akshan/Sivir (DE/SH),447,0.112283345892992,Master
2022-03-05,BandleTree,412,0.103491585028887,Master
2022-03-05,Miss Fortune/Quinn,273,0.0685757347400151,Master
2022-03-05,Fizz/Lulu (BC/PZ),126,0.0316503391107762,Master
2022-03-05,Gnar/Trundle (FR/PZ),243,0.0610399397136398,Master
2022-03-05,Lissandra/Trundle (FR/SI),0,0,Master
2022-03-05,Pantheon/Taric/Yuumi (DE/MT),168,0.0422004521477016,Master
2022-03-06,Senna/Veigar,579,0.146879756468798,Master
2022-03-06,Pantheon/Yuumi (DE/MT),525,0.133181126331811,Master
2022-03-06,Tri-Beam (NX/PZ),404,0.102486047691527,Master
2022-03-06,Gnar/Teemo/Tristana (BC/DE),393,0.0996955859969558,Master
2022-03-06,Pyke/Rek'Sai,384,0.0974124809741248,Master
2022-03-06,Akshan/Sivir (DE/SH),432,0.10958904109589,Master
2022-03-06,BandleTree,417,0.105783866057839,Master
2022-03-06,Miss Fortune/Quinn,349,0.0885337392186707,Master
2022-03-06,Fizz/Lulu (BC/PZ),45,0.0114155251141553,Master
2022-03-06,Gnar/Trundle (FR/PZ),279,0.0707762557077626,Master
2022-03-06,Lissandra/Trundle (FR/SI),0,0,Master
2022-03-06,Pantheon/Taric/Yuumi (DE/MT),135,0.0342465753424658,Master
2022-03-07,Senna/Veigar,656,0.1507699379453,Master
2022-03-07,Pantheon/Yuumi (DE/MT),565,0.129855205699839,Master
2022-03-07,Tri-Beam (NX/PZ),578,0.132843024592048,Master
2022-03-07,Gnar/Teemo/Tristana (BC/DE),530,0.121811077913123,Master
2022-03-07,Pyke/Rek'Sai,441,0.101356010112618,Master
2022-03-07,Akshan/Sivir (DE/SH),372,0.085497586761664,Master
2022-03-07,BandleTree,328,0.07538496897265,Master
2022-03-07,Miss Fortune/Quinn,285,0.0655021834061135,Master
2022-03-07,Fizz/Lulu (BC/PZ),195,0.0448172833831303,Master
2022-03-07,Gnar/Trundle (FR/PZ),238,0.0547000689496668,Master
2022-03-07,Lissandra/Trundle (FR/SI),2,0.000459664444955183,Master
2022-03-07,Pantheon/Taric/Yuumi (DE/MT),161,0.0370029878188922,Master
2022-03-08,Senna/Veigar,675,0.139060568603214,Master
2022-03-08,Pantheon/Yuumi (DE/MT),728,0.149979398434281,Master
2022-03-08,Tri-Beam (NX/PZ),562,0.11578079934075,Master
2022-03-08,Gnar/Teemo/Tristana (BC/DE),561,0.11557478368356,Master
2022-03-08,Pyke/Rek'Sai,486,0.100123609394314,Master
2022-03-08,Akshan/Sivir (DE/SH),362,0.0745776679027606,Master
2022-03-08,BandleTree,480,0.0988875154511743,Master
2022-03-08,Miss Fortune/Quinn,338,0.0696332921302019,Master
2022-03-08,Fizz/Lulu (BC/PZ),164,0.0337865677791512,Master
2022-03-08,Gnar/Trundle (FR/PZ),247,0.0508858673259168,Master
2022-03-08,Lissandra/Trundle (FR/SI),0,0,Master
2022-03-08,Pantheon/Taric/Yuumi (DE/MT),251,0.0517099299546766,Master
2022-03-09,Senna/Veigar,599,0.127854855923159,Master
2022-03-09,Pantheon/Yuumi (DE/MT),604,0.128922091782284,Master
2022-03-09,Tri-Beam (NX/PZ),620,0.132337246531483,Master
2022-03-09,Gnar/Teemo/Tristana (BC/DE),626,0.133617929562433,Master
2022-03-09,Pyke/Rek'Sai,355,0.0757737459978655,Master
2022-03-09,Akshan/Sivir (DE/SH),321,0.0685165421558164,Master
2022-03-09,BandleTree,404,0.0862326574172892,Master
2022-03-09,Miss Fortune/Quinn,270,0.0576307363927428,Master
2022-03-09,Fizz/Lulu (BC/PZ),265,0.0565635005336179,Master
2022-03-09,Gnar/Trundle (FR/PZ),296,0.0631803628601921,Master
2022-03-09,Lissandra/Trundle (FR/SI),11,0.00234791889007471,Master
2022-03-09,Pantheon/Taric/Yuumi (DE/MT),314,0.0670224119530416,Master
2022-03-10,Senna/Veigar,603,0.129454701588665,Master
2022-03-10,Pantheon/Yuumi (DE/MT),557,0.119579218548733,Master
2022-03-10,Tri-Beam (NX/PZ),589,0.126449119793903,Master
2022-03-10,Gnar/Teemo/Tristana (BC/DE),530,0.113782739373122,Master
2022-03-10,Pyke/Rek'Sai,469,0.100686990124517,Master
2022-03-10,Akshan/Sivir (DE/SH),383,0.0822241305281237,Master
2022-03-10,BandleTree,332,0.0712752254186346,Master
2022-03-10,Miss Fortune/Quinn,340,0.072992700729927,Master
2022-03-10,Fizz/Lulu (BC/PZ),312,0.0669815371404036,Master
2022-03-10,Gnar/Trundle (FR/PZ),277,0.0594675826534994,Master
2022-03-10,Lissandra/Trundle (FR/SI),21,0.00450837269214255,Master
2022-03-10,Pantheon/Taric/Yuumi (DE/MT),245,0.0525976814083298,Master
2022-03-11,Senna/Veigar,811,0.159488692232055,Master
2022-03-11,Pantheon/Yuumi (DE/MT),795,0.156342182890855,Master
2022-03-11,Tri-Beam (NX/PZ),577,0.113470993117011,Master
2022-03-11,Gnar/Teemo/Tristana (BC/DE),498,0.0979351032448378,Master
2022-03-11,Pyke/Rek'Sai,428,0.0841691248770895,Master
2022-03-11,Akshan/Sivir (DE/SH),362,0.0711897738446411,Master
2022-03-11,BandleTree,466,0.0916420845624385,Master
2022-03-11,Miss Fortune/Quinn,237,0.0466076696165192,Master
2022-03-11,Fizz/Lulu (BC/PZ),257,0.0505408062930187,Master
2022-03-11,Gnar/Trundle (FR/PZ),278,0.0546705998033432,Master
2022-03-11,Lissandra/Trundle (FR/SI),17,0.00334316617502458,Master
2022-03-11,Pantheon/Taric/Yuumi (DE/MT),359,0.0705998033431662,Master
2022-03-12,Senna/Veigar,852,0.160724391624222,Master
2022-03-12,Pantheon/Yuumi (DE/MT),754,0.142237313714394,Master
2022-03-12,Tri-Beam (NX/PZ),761,0.143557819279381,Master
2022-03-12,Gnar/Teemo/Tristana (BC/DE),460,0.0867760799849085,Master
2022-03-12,Pyke/Rek'Sai,557,0.105074514242596,Master
2022-03-12,Akshan/Sivir (DE/SH),271,0.0511224297302396,Master
2022-03-12,BandleTree,543,0.10243350311262,Master
2022-03-12,Miss Fortune/Quinn,308,0.0581022448594605,Master
2022-03-12,Fizz/Lulu (BC/PZ),234,0.0441426146010187,Master
2022-03-12,Gnar/Trundle (FR/PZ),287,0.0541407281644973,Master
2022-03-12,Lissandra/Trundle (FR/SI),16,0.00301829843425769,Master
2022-03-12,Pantheon/Taric/Yuumi (DE/MT),258,0.0486700622524052,Master
2022-03-13,Senna/Veigar,776,0.128413039880854,Master
2022-03-13,Pantheon/Yuumi (DE/MT),821,0.135859672348171,Master
2022-03-13,Tri-Beam (NX/PZ),822,0.136025153069667,Master
2022-03-13,Gnar/Teemo/Tristana (BC/DE),431,0.0713221909647526,Master
2022-03-13,Pyke/Rek'Sai,546,0.0903524739367864,Master
2022-03-13,Akshan/Sivir (DE/SH),452,0.0747972861161675,Master
2022-03-13,BandleTree,648,0.107231507529373,Master
2022-03-13,Miss Fortune/Quinn,690,0.114181697832203,Master
2022-03-13,Fizz/Lulu (BC/PZ),198,0.0327651828561973,Master
2022-03-13,Gnar/Trundle (FR/PZ),338,0.0559324838656297,Master
2022-03-13,Lissandra/Trundle (FR/SI),40,0.00661922885983783,Master
2022-03-13,Pantheon/Taric/Yuumi (DE/MT),281,0.0465000827403608,Master
2022-03-14,Senna/Veigar,895,0.150496048427779,Master
2022-03-14,Pantheon/Yuumi (DE/MT),674,0.113334454346729,Master
2022-03-14,Tri-Beam (NX/PZ),790,0.132840087439045,Master
2022-03-14,Gnar/Teemo/Tristana (BC/DE),517,0.086934588868337,Master
2022-03-14,Pyke/Rek'Sai,633,0.106440221960652,Master
2022-03-14,Akshan/Sivir (DE/SH),424,0.0712964519926013,Master
2022-03-14,BandleTree,409,0.0687741718513536,Master
2022-03-14,Miss Fortune/Quinn,563,0.0946695813014965,Master
2022-03-14,Fizz/Lulu (BC/PZ),353,0.0593576593240289,Master
2022-03-14,Gnar/Trundle (FR/PZ),347,0.0583487472675298,Master
2022-03-14,Lissandra/Trundle (FR/SI),48,0.0080712964519926,Master
2022-03-14,Pantheon/Taric/Yuumi (DE/MT),294,0.0494366907684547,Master
2022-03-15,Senna/Veigar,904,0.152728501436053,Master
2022-03-15,Pantheon/Yuumi (DE/MT),713,0.120459537083967,Master
2022-03-15,Tri-Beam (NX/PZ),721,0.121811116742693,Master
2022-03-15,Gnar/Teemo/Tristana (BC/DE),671,0.113363743875655,Master
2022-03-15,Pyke/Rek'Sai,591,0.0998479472883933,Master
2022-03-15,Akshan/Sivir (DE/SH),441,0.0745058286872783,Master
2022-03-15,BandleTree,405,0.0684237202230106,Master
2022-03-15,Miss Fortune/Quinn,475,0.0802500422368643,Master
2022-03-15,Fizz/Lulu (BC/PZ),398,0.0672410880216253,Master
2022-03-15,Gnar/Trundle (FR/PZ),319,0.0538942388917047,Master
2022-03-15,Lissandra/Trundle (FR/SI),113,0.0190910626795067,Master
2022-03-15,Pantheon/Taric/Yuumi (DE/MT),168,0.0283831728332489,Master
2022-03-16,Senna/Veigar,861,0.127197518097208,Master
2022-03-16,Pantheon/Yuumi (DE/MT),901,0.133106810459447,Master
2022-03-16,Tri-Beam (NX/PZ),906,0.133845472004727,Master
2022-03-16,Gnar/Teemo/Tristana (BC/DE),796,0.117594918008568,Master
2022-03-16,Pyke/Rek'Sai,578,0.0853892746343625,Master
2022-03-16,Akshan/Sivir (DE/SH),423,0.062490766730684,Master
2022-03-16,BandleTree,516,0.0762298714728911,Master
2022-03-16,Miss Fortune/Quinn,546,0.0806618407445708,Master
2022-03-16,Fizz/Lulu (BC/PZ),482,0.0712069729649874,Master
2022-03-16,Gnar/Trundle (FR/PZ),458,0.0676613975476437,Master
2022-03-16,Lissandra/Trundle (FR/SI),37,0.00546609543507165,Master
2022-03-16,Pantheon/Taric/Yuumi (DE/MT),265,0.0391490618998375,Master
2022-03-17,Senna/Veigar,992,0.14975845410628,Master
2022-03-17,Pantheon/Yuumi (DE/MT),842,0.127113526570048,Master
2022-03-17,Tri-Beam (NX/PZ),736,0.111111111111111,Master
2022-03-17,Gnar/Teemo/Tristana (BC/DE),948,0.143115942028986,Master
2022-03-17,Pyke/Rek'Sai,645,0.0973731884057971,Master
2022-03-17,Akshan/Sivir (DE/SH),565,0.0852958937198068,Master
2022-03-17,BandleTree,433,0.0653683574879227,Master
2022-03-17,Miss Fortune/Quinn,394,0.0594806763285024,Master
2022-03-17,Fizz/Lulu (BC/PZ),513,0.077445652173913,Master
2022-03-17,Gnar/Trundle (FR/PZ),339,0.0511775362318841,Master
2022-03-17,Lissandra/Trundle (FR/SI),19,0.00286835748792271,Master
2022-03-17,Pantheon/Taric/Yuumi (DE/MT),198,0.0298913043478261,Master
2022-03-18,Senna/Veigar,727,0.155774587529462,Master
2022-03-18,Pantheon/Yuumi (DE/MT),612,0.131133490464967,Master
2022-03-18,Tri-Beam (NX/PZ),408,0.0874223269766445,Master
2022-03-18,Gnar/Teemo/Tristana (BC/DE),645,0.138204413970431,Master
2022-03-18,Pyke/Rek'Sai,350,0.0749946432397686,Master
2022-03-18,Akshan/Sivir (DE/SH),388,0.0831369187915149,Master
2022-03-18,BandleTree,398,0.0852796228840797,Master
2022-03-18,Miss Fortune/Quinn,272,0.058281551317763,Master
2022-03-18,Fizz/Lulu (BC/PZ),319,0.0683522605528177,Master
2022-03-18,Gnar/Trundle (FR/PZ),287,0.0614956074566103,Master
2022-03-18,Lissandra/Trundle (FR/SI),127,0.0272123419755732,Master
2022-03-18,Pantheon/Taric/Yuumi (DE/MT),134,0.0287122348403685,Master
2022-03-19,Senna/Veigar,869,0.156266858478691,Master
2022-03-19,Pantheon/Yuumi (DE/MT),606,0.108973206257867,Master
2022-03-19,Tri-Beam (NX/PZ),500,0.0899118863513757,Master
2022-03-19,Gnar/Teemo/Tristana (BC/DE),546,0.0981837798957022,Master
2022-03-19,Pyke/Rek'Sai,638,0.114727566984355,Master
2022-03-19,Akshan/Sivir (DE/SH),423,0.0760654558532638,Master
2022-03-19,BandleTree,399,0.0717496853083978,Master
2022-03-19,Miss Fortune/Quinn,397,0.0713900377629923,Master
2022-03-19,Fizz/Lulu (BC/PZ),357,0.0641970868548822,Master
2022-03-19,Gnar/Trundle (FR/PZ),346,0.062219025355152,Master
2022-03-19,Lissandra/Trundle (FR/SI),203,0.0365042258586585,Master
2022-03-19,Pantheon/Taric/Yuumi (DE/MT),277,0.0498111850386621,Master
2022-03-20,Senna/Veigar,1003,0.149679152365319,Master
2022-03-20,Pantheon/Yuumi (DE/MT),739,0.110282047455604,Master
2022-03-20,Tri-Beam (NX/PZ),670,0.0999850768542009,Master
2022-03-20,Gnar/Teemo/Tristana (BC/DE),738,0.110132815997612,Master
2022-03-20,Pyke/Rek'Sai,693,0.103417400388002,Master
2022-03-20,Akshan/Sivir (DE/SH),583,0.0870019400089539,Master
2022-03-20,BandleTree,391,0.0583495000746157,Master
2022-03-20,Miss Fortune/Quinn,589,0.087897328756902,Master
2022-03-20,Fizz/Lulu (BC/PZ),370,0.0552156394567975,Master
2022-03-20,Gnar/Trundle (FR/PZ),351,0.052380241754962,Master
2022-03-20,Lissandra/Trundle (FR/SI),259,0.0386509476197582,Master
2022-03-20,Pantheon/Taric/Yuumi (DE/MT),315,0.0470079092672735,Master
2022-03-21,Senna/Veigar,1081,0.144210245464248,Master
2022-03-21,Pantheon/Yuumi (DE/MT),943,0.125800426894344,Master
2022-03-21,Tri-Beam (NX/PZ),731,0.0975186766275347,Master
2022-03-21,Gnar/Teemo/Tristana (BC/DE),655,0.0873799359658485,Master
2022-03-21,Pyke/Rek'Sai,698,0.0931163287086446,Master
2022-03-21,Akshan/Sivir (DE/SH),611,0.0815101387406617,Master
2022-03-21,BandleTree,656,0.0875133404482391,Master
2022-03-21,Miss Fortune/Quinn,539,0.0719050160085379,Master
2022-03-21,Fizz/Lulu (BC/PZ),569,0.0759071504802561,Master
2022-03-21,Gnar/Trundle (FR/PZ),332,0.044290288153682,Master
2022-03-21,Lissandra/Trundle (FR/SI),381,0.0508271077908218,Master
2022-03-21,Pantheon/Taric/Yuumi (DE/MT),300,0.0400213447171825,Master
2022-03-22,Senna/Veigar,1076,0.140104166666667,Master
2022-03-22,Pantheon/Yuumi (DE/MT),976,0.127083333333333,Master
2022-03-22,Tri-Beam (NX/PZ),712,0.0927083333333333,Master
2022-03-22,Gnar/Teemo/Tristana (BC/DE),747,0.097265625,Master
2022-03-22,Pyke/Rek'Sai,690,0.08984375,Master
2022-03-22,Akshan/Sivir (DE/SH),633,0.082421875,Master
2022-03-22,BandleTree,699,0.091015625,Master
2022-03-22,Miss Fortune/Quinn,568,0.0739583333333333,Master
2022-03-22,Fizz/Lulu (BC/PZ),532,0.0692708333333333,Master
2022-03-22,Gnar/Trundle (FR/PZ),305,0.0397135416666667,Master
2022-03-22,Lissandra/Trundle (FR/SI),448,0.0583333333333333,Master
2022-03-22,Pantheon/Taric/Yuumi (DE/MT),294,0.03828125,Master
2022-03-23,Senna/Veigar,1358,0.153672060654068,Master
2022-03-23,Pantheon/Yuumi (DE/MT),923,0.10444721059183,Master
2022-03-23,Tri-Beam (NX/PZ),1139,0.128889894760665,Master
2022-03-23,Gnar/Teemo/Tristana (BC/DE),731,0.0827203802195315,Master
2022-03-23,Pyke/Rek'Sai,784,0.0887178906868847,Master
2022-03-23,Akshan/Sivir (DE/SH),790,0.089396854136019,Master
2022-03-23,BandleTree,750,0.0848704311417902,Master
2022-03-23,Miss Fortune/Quinn,628,0.0710648410093923,Master
2022-03-23,Fizz/Lulu (BC/PZ),537,0.0607672286975218,Master
2022-03-23,Gnar/Trundle (FR/PZ),372,0.0420957338463279,Master
2022-03-23,Lissandra/Trundle (FR/SI),462,0.0522801855833428,Master
2022-03-23,Pantheon/Taric/Yuumi (DE/MT),363,0.0410772886726265,Master
2022-02-16,Senna/Veigar,76,0.269503546099291,~HighDiamond
2022-02-16,Pantheon/Yuumi (DE/MT),5,0.0177304964539007,~HighDiamond
2022-02-16,Pyke/Rek'Sai,23,0.0815602836879433,~HighDiamond
2022-02-16,Tri-Beam (NX/PZ),0,0,~HighDiamond
2022-02-16,Gnar/Teemo/Tristana (BC/DE),0,0,~HighDiamond
2022-02-16,Miss Fortune/Quinn,32,0.113475177304965,~HighDiamond
2022-02-16,Akshan/Sivir (DE/SH),3,0.0106382978723404,~HighDiamond
2022-02-16,Gnar/Trundle (FR/PZ),9,0.0319148936170213,~HighDiamond
2022-02-16,BandleTree,25,0.0886524822695036,~HighDiamond
2022-02-16,Gnar/Ziggs (BC/NX),90,0.319148936170213,~HighDiamond
2022-02-16,Fizz/Lulu (BC/PZ),18,0.0638297872340426,~HighDiamond
2022-02-16,Darius/Gnar (FR/NX),1,0.00354609929078014,~HighDiamond
2022-02-17,Senna/Veigar,457,0.149444081098757,~HighDiamond
2022-02-17,Pantheon/Yuumi (DE/MT),184,0.0601700457815566,~HighDiamond
2022-02-17,Pyke/Rek'Sai,328,0.107259646827992,~HighDiamond
2022-02-17,Tri-Beam (NX/PZ),44,0.0143884892086331,~HighDiamond
2022-02-17,Gnar/Teemo/Tristana (BC/DE),0,0,~HighDiamond
2022-02-17,Miss Fortune/Quinn,323,0.105624591236102,~HighDiamond
2022-02-17,Akshan/Sivir (DE/SH),48,0.0156965336821452,~HighDiamond
2022-02-17,Gnar/Trundle (FR/PZ),242,0.079136690647482,~HighDiamond
2022-02-17,BandleTree,600,0.196206671026815,~HighDiamond
2022-02-17,Gnar/Ziggs (BC/NX),625,0.204381948986266,~HighDiamond
2022-02-17,Fizz/Lulu (BC/PZ),203,0.0663832570307391,~HighDiamond
2022-02-17,Darius/Gnar (FR/NX),4,0.0013080444735121,~HighDiamond
2022-02-18,Senna/Veigar,608,0.124183006535948,~HighDiamond
2022-02-18,Pantheon/Yuumi (DE/MT),164,0.0334967320261438,~HighDiamond
2022-02-18,Pyke/Rek'Sai,693,0.141544117647059,~HighDiamond
2022-02-18,Tri-Beam (NX/PZ),75,0.0153186274509804,~HighDiamond
2022-02-18,Gnar/Teemo/Tristana (BC/DE),0,0,~HighDiamond
2022-02-18,Miss Fortune/Quinn,478,0.0976307189542484,~HighDiamond
2022-02-18,Akshan/Sivir (DE/SH),93,0.0189950980392157,~HighDiamond
2022-02-18,Gnar/Trundle (FR/PZ),543,0.110906862745098,~HighDiamond
2022-02-18,BandleTree,1274,0.260212418300654,~HighDiamond
2022-02-18,Gnar/Ziggs (BC/NX),621,0.126838235294118,~HighDiamond
2022-02-18,Fizz/Lulu (BC/PZ),322,0.0657679738562092,~HighDiamond
2022-02-18,Darius/Gnar (FR/NX),25,0.0051062091503268,~HighDiamond
2022-02-19,Senna/Veigar,626,0.112307140294223,~HighDiamond
2022-02-19,Pantheon/Yuumi (DE/MT),249,0.0446716899892357,~HighDiamond
2022-02-19,Pyke/Rek'Sai,856,0.15357014711159,~HighDiamond
2022-02-19,Tri-Beam (NX/PZ),139,0.0249372084678866,~HighDiamond
2022-02-19,Gnar/Teemo/Tristana (BC/DE),0,0,~HighDiamond
2022-02-19,Miss Fortune/Quinn,702,0.125941872981701,~HighDiamond
2022-02-19,Akshan/Sivir (DE/SH),76,0.0136347326874776,~HighDiamond
2022-02-19,Gnar/Trundle (FR/PZ),730,0.130965195550771,~HighDiamond
2022-02-19,BandleTree,1249,0.224076067456046,~HighDiamond
2022-02-19,Gnar/Ziggs (BC/NX),621,0.111410118406889,~HighDiamond
2022-02-19,Fizz/Lulu (BC/PZ),239,0.0428776462145676,~HighDiamond
2022-02-19,Darius/Gnar (FR/NX),87,0.0156081808396125,~HighDiamond
2022-02-20,Senna/Veigar,992,0.128198500904627,~HighDiamond
2022-02-20,Pantheon/Yuumi (DE/MT),334,0.0431636081674851,~HighDiamond
2022-02-20,Pyke/Rek'Sai,993,0.128327733264409,~HighDiamond
2022-02-20,Tri-Beam (NX/PZ),127,0.016412509692427,~HighDiamond
2022-02-20,Gnar/Teemo/Tristana (BC/DE),21,0.00271387955544068,~HighDiamond
2022-02-20,Miss Fortune/Quinn,867,0.112044455931765,~HighDiamond
2022-02-20,Akshan/Sivir (DE/SH),108,0.0139570948565521,~HighDiamond
2022-02-20,Gnar/Trundle (FR/PZ),1669,0.215688808477643,~HighDiamond
2022-02-20,BandleTree,1355,0.175109847505815,~HighDiamond
2022-02-20,Gnar/Ziggs (BC/NX),700,0.0904626518480227,~HighDiamond
2022-02-20,Fizz/Lulu (BC/PZ),283,0.0365727578185578,~HighDiamond
2022-02-20,Darius/Gnar (FR/NX),289,0.0373481519772551,~HighDiamond
2022-02-21,Senna/Veigar,1289,0.147821100917431,~HighDiamond
2022-02-21,Pantheon/Yuumi (DE/MT),343,0.0393348623853211,~HighDiamond
2022-02-21,Pyke/Rek'Sai,1188,0.136238532110092,~HighDiamond
2022-02-21,Tri-Beam (NX/PZ),204,0.023394495412844,~HighDiamond
2022-02-21,Gnar/Teemo/Tristana (BC/DE),136,0.0155963302752294,~HighDiamond
2022-02-21,Miss Fortune/Quinn,1153,0.132224770642202,~HighDiamond
2022-02-21,Akshan/Sivir (DE/SH),192,0.0220183486238532,~HighDiamond
2022-02-21,Gnar/Trundle (FR/PZ),1786,0.204816513761468,~HighDiamond
2022-02-21,BandleTree,1086,0.12454128440367,~HighDiamond
2022-02-21,Gnar/Ziggs (BC/NX),941,0.107912844036697,~HighDiamond
2022-02-21,Fizz/Lulu (BC/PZ),189,0.0216743119266055,~HighDiamond
2022-02-21,Darius/Gnar (FR/NX),213,0.0244266055045872,~HighDiamond
2022-02-22,Senna/Veigar,1283,0.142066216365851,~HighDiamond
2022-02-22,Pantheon/Yuumi (DE/MT),385,0.0426309378806334,~HighDiamond
2022-02-22,Pyke/Rek'Sai,1305,0.14450226995903,~HighDiamond
2022-02-22,Tri-Beam (NX/PZ),157,0.0173845642785959,~HighDiamond
2022-02-22,Gnar/Teemo/Tristana (BC/DE),287,0.0317794264201085,~HighDiamond
2022-02-22,Miss Fortune/Quinn,1275,0.141180378695604,~HighDiamond
2022-02-22,Akshan/Sivir (DE/SH),185,0.0204849961244602,~HighDiamond
2022-02-22,Gnar/Trundle (FR/PZ),2047,0.226663713874433,~HighDiamond
2022-02-22,BandleTree,1003,0.111061897907209,~HighDiamond
2022-02-22,Gnar/Ziggs (BC/NX),725,0.0802790388661278,~HighDiamond
2022-02-22,Fizz/Lulu (BC/PZ),193,0.0213708337947071,~HighDiamond
2022-02-22,Darius/Gnar (FR/NX),186,0.0205957258332411,~HighDiamond
2022-02-23,Senna/Veigar,1282,0.124732438217552,~HighDiamond
2022-02-23,Pantheon/Yuumi (DE/MT),486,0.0472854640980736,~HighDiamond
2022-02-23,Pyke/Rek'Sai,1658,0.161315431017708,~HighDiamond
2022-02-23,Tri-Beam (NX/PZ),122,0.0118700136213271,~HighDiamond
2022-02-23,Gnar/Teemo/Tristana (BC/DE),1096,0.106635532204709,~HighDiamond
2022-02-23,Miss Fortune/Quinn,1472,0.143218525004865,~HighDiamond
2022-02-23,Akshan/Sivir (DE/SH),251,0.0244210935979763,~HighDiamond
2022-02-23,Gnar/Trundle (FR/PZ),1928,0.187585133294415,~HighDiamond
2022-02-23,BandleTree,914,0.0889278069663359,~HighDiamond
2022-02-23,Gnar/Ziggs (BC/NX),743,0.0722903288577544,~HighDiamond
2022-02-23,Fizz/Lulu (BC/PZ),183,0.0178050204319907,~HighDiamond
2022-02-23,Darius/Gnar (FR/NX),143,0.0139132126872932,~HighDiamond
2022-02-24,Senna/Veigar,1462,0.139663737103554,~HighDiamond
2022-02-24,Pantheon/Yuumi (DE/MT),595,0.0568398930072602,~HighDiamond
2022-02-24,Pyke/Rek'Sai,1648,0.157432174245319,~HighDiamond
2022-02-24,Tri-Beam (NX/PZ),112,0.0106992739778372,~HighDiamond
2022-02-24,Gnar/Teemo/Tristana (BC/DE),1026,0.0980129919755445,~HighDiamond
2022-02-24,Miss Fortune/Quinn,1527,0.145873137179977,~HighDiamond
2022-02-24,Akshan/Sivir (DE/SH),369,0.0352502865876958,~HighDiamond
2022-02-24,Gnar/Trundle (FR/PZ),1656,0.158196408100879,~HighDiamond
2022-02-24,BandleTree,927,0.088555598012992,~HighDiamond
2022-02-24,Gnar/Ziggs (BC/NX),692,0.0661062285059228,~HighDiamond
2022-02-24,Fizz/Lulu (BC/PZ),142,0.0135651509361865,~HighDiamond
2022-02-24,Darius/Gnar (FR/NX),312,0.0298051203668323,~HighDiamond
2022-02-25,Senna/Veigar,1356,0.131471785922048,~HighDiamond
2022-02-25,Pantheon/Yuumi (DE/MT),634,0.061469846810161,~HighDiamond
2022-02-25,Pyke/Rek'Sai,1524,0.147760325770797,~HighDiamond
2022-02-25,Tri-Beam (NX/PZ),138,0.0133798720186155,~HighDiamond
2022-02-25,Gnar/Teemo/Tristana (BC/DE),1117,0.108299398875315,~HighDiamond
2022-02-25,Miss Fortune/Quinn,1416,0.137289121582315,~HighDiamond
2022-02-25,Akshan/Sivir (DE/SH),358,0.03471010277293,~HighDiamond
2022-02-25,Gnar/Trundle (FR/PZ),1551,0.150378126817917,~HighDiamond
2022-02-25,BandleTree,1037,0.100542951328292,~HighDiamond
2022-02-25,Gnar/Ziggs (BC/NX),780,0.0756253635834788,~HighDiamond
2022-02-25,Fizz/Lulu (BC/PZ),190,0.0184215629241807,~HighDiamond
2022-02-25,Darius/Gnar (FR/NX),213,0.02065154159395,~HighDiamond
2022-02-26,Senna/Veigar,1340,0.131346794746128,~HighDiamond
2022-02-26,Pantheon/Yuumi (DE/MT),909,0.089100176435993,~HighDiamond
2022-02-26,Pyke/Rek'Sai,1592,0.156047833758087,~HighDiamond
2022-02-26,Tri-Beam (NX/PZ),98,0.00960595961576162,~HighDiamond
2022-02-26,Gnar/Teemo/Tristana (BC/DE),1215,0.119094295236228,~HighDiamond
2022-02-26,Miss Fortune/Quinn,1403,0.137522054499118,~HighDiamond
2022-02-26,Akshan/Sivir (DE/SH),328,0.0321505587139777,~HighDiamond
2022-02-26,Gnar/Trundle (FR/PZ),1467,0.143795334248187,~HighDiamond
2022-02-26,BandleTree,762,0.0746912370123505,~HighDiamond
2022-02-26,Gnar/Ziggs (BC/NX),620,0.0607723975691041,~HighDiamond
2022-02-26,Fizz/Lulu (BC/PZ),167,0.0163693393452264,~HighDiamond
2022-02-26,Darius/Gnar (FR/NX),301,0.0295040188198393,~HighDiamond
2022-02-27,Senna/Veigar,1254,0.125626127028652,~HighDiamond
2022-02-27,Pantheon/Yuumi (DE/MT),1030,0.103185734321779,~HighDiamond
2022-02-27,Pyke/Rek'Sai,1386,0.138849929873773,~HighDiamond
2022-02-27,Tri-Beam (NX/PZ),91,0.0091164095371669,~HighDiamond
2022-02-27,Gnar/Teemo/Tristana (BC/DE),916,0.0917651773191745,~HighDiamond
2022-02-27,Miss Fortune/Quinn,1572,0.157483470246444,~HighDiamond
2022-02-27,Akshan/Sivir (DE/SH),440,0.0440793428170707,~HighDiamond
2022-02-27,Gnar/Trundle (FR/PZ),1220,0.122219995992787,~HighDiamond
2022-02-27,BandleTree,815,0.0816469645361651,~HighDiamond
2022-02-27,Gnar/Ziggs (BC/NX),832,0.0833500300540974,~HighDiamond
2022-02-27,Fizz/Lulu (BC/PZ),273,0.0273492286115007,~HighDiamond
2022-02-27,Darius/Gnar (FR/NX),153,0.0153275896613905,~HighDiamond
2022-02-28,Senna/Veigar,1534,0.129560810810811,~HighDiamond
2022-02-28,Pantheon/Yuumi (DE/MT),1548,0.130743243243243,~HighDiamond
2022-02-28,Pyke/Rek'Sai,1347,0.113766891891892,~HighDiamond
2022-02-28,Tri-Beam (NX/PZ),160,0.0135135135135135,~HighDiamond
2022-02-28,Gnar/Teemo/Tristana (BC/DE),1104,0.0932432432432432,~HighDiamond
2022-02-28,Miss Fortune/Quinn,1794,0.15152027027027,~HighDiamond
2022-02-28,Akshan/Sivir (DE/SH),594,0.0501689189189189,~HighDiamond
2022-02-28,Gnar/Trundle (FR/PZ),1496,0.126351351351351,~HighDiamond
2022-02-28,BandleTree,952,0.0804054054054054,~HighDiamond
2022-02-28,Gnar/Ziggs (BC/NX),869,0.0733952702702703,~HighDiamond
2022-02-28,Fizz/Lulu (BC/PZ),241,0.0203547297297297,~HighDiamond
2022-02-28,Darius/Gnar (FR/NX),201,0.0169763513513514,~HighDiamond
2022-03-01,Senna/Veigar,1956,0.155534351145038,~HighDiamond
2022-03-01,Pantheon/Yuumi (DE/MT),1887,0.150047709923664,~HighDiamond
2022-03-01,Pyke/Rek'Sai,1605,0.127624045801527,~HighDiamond
2022-03-01,Tri-Beam (NX/PZ),329,0.026160941475827,~HighDiamond
2022-03-01,Gnar/Teemo/Tristana (BC/DE),918,0.0729961832061069,~HighDiamond
2022-03-01,Miss Fortune/Quinn,1580,0.125636132315522,~HighDiamond
2022-03-01,Akshan/Sivir (DE/SH),698,0.0555025445292621,~HighDiamond
2022-03-01,Gnar/Trundle (FR/PZ),1314,0.104484732824427,~HighDiamond
2022-03-01,BandleTree,966,0.0768129770992366,~HighDiamond
2022-03-01,Gnar/Ziggs (BC/NX),866,0.0688613231552163,~HighDiamond
2022-03-01,Fizz/Lulu (BC/PZ),265,0.0210718829516539,~HighDiamond
2022-03-01,Darius/Gnar (FR/NX),192,0.0152671755725191,~HighDiamond
2022-03-02,Senna/Veigar,1845,0.145654061735218,~HighDiamond
2022-03-02,Pantheon/Yuumi (DE/MT),1786,0.140996289571327,~HighDiamond
2022-03-02,Pyke/Rek'Sai,1507,0.118970553406489,~HighDiamond
2022-03-02,Tri-Beam (NX/PZ),544,0.042946238256888,~HighDiamond
2022-03-02,Gnar/Teemo/Tristana (BC/DE),993,0.0783926738770032,~HighDiamond
2022-03-02,Miss Fortune/Quinn,1599,0.126233520170522,~HighDiamond
2022-03-02,Akshan/Sivir (DE/SH),1007,0.0794979079497908,~HighDiamond
2022-03-02,Gnar/Trundle (FR/PZ),1256,0.0991552853872266,~HighDiamond
2022-03-02,BandleTree,885,0.0698665824583564,~HighDiamond
2022-03-02,Gnar/Ziggs (BC/NX),759,0.0599194758032683,~HighDiamond
2022-03-02,Fizz/Lulu (BC/PZ),232,0.0183153074919081,~HighDiamond
2022-03-02,Darius/Gnar (FR/NX),254,0.0200521038920028,~HighDiamond
2022-03-03,Senna/Veigar,1862,0.137437260112194,~HighDiamond
2022-03-03,Pantheon/Yuumi (DE/MT),1842,0.135961027457927,~HighDiamond
2022-03-03,Pyke/Rek'Sai,1526,0.11263655152052,~HighDiamond
2022-03-03,Tri-Beam (NX/PZ),839,0.0619279598464718,~HighDiamond
2022-03-03,Gnar/Teemo/Tristana (BC/DE),1281,0.0945527015057573,~HighDiamond
2022-03-03,Miss Fortune/Quinn,1599,0.118024800708592,~HighDiamond
2022-03-03,Akshan/Sivir (DE/SH),1004,0.0741068792441689,~HighDiamond
2022-03-03,Gnar/Trundle (FR/PZ),1572,0.116031886625332,~HighDiamond
2022-03-03,BandleTree,968,0.0714496604664895,~HighDiamond
2022-03-03,Gnar/Ziggs (BC/NX),601,0.0443607912607027,~HighDiamond
2022-03-03,Fizz/Lulu (BC/PZ),150,0.0110717449069973,~HighDiamond
2022-03-03,Darius/Gnar (FR/NX),304,0.022438736344848,~HighDiamond
2022-03-04,Senna/Veigar,1797,0.132249043273477,~HighDiamond
2022-03-04,Pantheon/Yuumi (DE/MT),1839,0.135340005887548,~HighDiamond
2022-03-04,Pyke/Rek'Sai,1838,0.135266411539594,~HighDiamond
2022-03-04,Tri-Beam (NX/PZ),774,0.0569620253164557,~HighDiamond
2022-03-04,Gnar/Teemo/Tristana (BC/DE),1234,0.0908154253753312,~HighDiamond
2022-03-04,Miss Fortune/Quinn,1649,0.121357079776273,~HighDiamond
2022-03-04,Akshan/Sivir (DE/SH),1224,0.0900794818957904,~HighDiamond
2022-03-04,Gnar/Trundle (FR/PZ),1430,0.10523991757433,~HighDiamond
2022-03-04,BandleTree,821,0.0604209596702973,~HighDiamond
2022-03-04,Gnar/Ziggs (BC/NX),641,0.0471739770385634,~HighDiamond
2022-03-04,Fizz/Lulu (BC/PZ),176,0.0129526052399176,~HighDiamond
2022-03-04,Darius/Gnar (FR/NX),165,0.0121430674124227,~HighDiamond
2022-03-05,Senna/Veigar,1866,0.140027014858172,~HighDiamond
2022-03-05,Pantheon/Yuumi (DE/MT),1694,0.127119915953775,~HighDiamond
2022-03-05,Pyke/Rek'Sai,1928,0.144679573765571,~HighDiamond
2022-03-05,Tri-Beam (NX/PZ),808,0.0606333483415879,~HighDiamond
2022-03-05,Gnar/Teemo/Tristana (BC/DE),1300,0.0975536545099805,~HighDiamond
2022-03-05,Miss Fortune/Quinn,1468,0.110160588323578,~HighDiamond
2022-03-05,Akshan/Sivir (DE/SH),1270,0.0953024163289809,~HighDiamond
2022-03-05,Gnar/Trundle (FR/PZ),1208,0.0906498574215819,~HighDiamond
2022-03-05,BandleTree,764,0.0573315323427885,~HighDiamond
2022-03-05,Gnar/Ziggs (BC/NX),724,0.0543298814347891,~HighDiamond
2022-03-05,Fizz/Lulu (BC/PZ),139,0.0104307369052979,~HighDiamond
2022-03-05,Darius/Gnar (FR/NX),157,0.0117814798138976,~HighDiamond
2022-03-06,Senna/Veigar,1858,0.140004521136312,~HighDiamond
2022-03-06,Pantheon/Yuumi (DE/MT),1979,0.149122146032703,~HighDiamond
2022-03-06,Pyke/Rek'Sai,1580,0.119056589556175,~HighDiamond
2022-03-06,Tri-Beam (NX/PZ),707,0.0532740562127948,~HighDiamond
2022-03-06,Gnar/Teemo/Tristana (BC/DE),1458,0.109863612387913,~HighDiamond
2022-03-06,Miss Fortune/Quinn,1734,0.130660839424309,~HighDiamond
2022-03-06,Akshan/Sivir (DE/SH),1000,0.0753522718709969,~HighDiamond
2022-03-06,Gnar/Trundle (FR/PZ),1176,0.0886142717202924,~HighDiamond
2022-03-06,BandleTree,792,0.0596789993218296,~HighDiamond
2022-03-06,Gnar/Ziggs (BC/NX),777,0.0585487152437646,~HighDiamond
2022-03-06,Fizz/Lulu (BC/PZ),77,0.00580212493406676,~HighDiamond
2022-03-06,Darius/Gnar (FR/NX),133,0.0100218521588426,~HighDiamond
2022-03-07,Senna/Veigar,2214,0.146894904458599,~HighDiamond
2022-03-07,Pantheon/Yuumi (DE/MT),2235,0.14828821656051,~HighDiamond
2022-03-07,Pyke/Rek'Sai,1658,0.110005307855626,~HighDiamond
2022-03-07,Tri-Beam (NX/PZ),1275,0.084593949044586,~HighDiamond
2022-03-07,Gnar/Teemo/Tristana (BC/DE),1592,0.105626326963907,~HighDiamond
2022-03-07,Miss Fortune/Quinn,1717,0.113919851380042,~HighDiamond
2022-03-07,Akshan/Sivir (DE/SH),1069,0.0709262208067941,~HighDiamond
2022-03-07,Gnar/Trundle (FR/PZ),1288,0.0854564755838641,~HighDiamond
2022-03-07,BandleTree,720,0.0477707006369427,~HighDiamond
2022-03-07,Gnar/Ziggs (BC/NX),780,0.0517515923566879,~HighDiamond
2022-03-07,Fizz/Lulu (BC/PZ),226,0.0149946921443737,~HighDiamond
2022-03-07,Darius/Gnar (FR/NX),298,0.0197717622080679,~HighDiamond
2022-03-08,Senna/Veigar,2167,0.141154247003648,~HighDiamond
2022-03-08,Pantheon/Yuumi (DE/MT),2302,0.149947889525795,~HighDiamond
2022-03-08,Pyke/Rek'Sai,1803,0.117443981240229,~HighDiamond
2022-03-08,Tri-Beam (NX/PZ),1097,0.0714564877540386,~HighDiamond
2022-03-08,Gnar/Teemo/Tristana (BC/DE),1866,0.121547681083898,~HighDiamond
2022-03-08,Miss Fortune/Quinn,1800,0.117248566961959,~HighDiamond
2022-03-08,Akshan/Sivir (DE/SH),987,0.0642912975508077,~HighDiamond
2022-03-08,Gnar/Trundle (FR/PZ),1229,0.0800547159979156,~HighDiamond
2022-03-08,BandleTree,795,0.0517847837415321,~HighDiamond
2022-03-08,Gnar/Ziggs (BC/NX),792,0.0515893694632621,~HighDiamond
2022-03-08,Fizz/Lulu (BC/PZ),251,0.0163496612819177,~HighDiamond
2022-03-08,Darius/Gnar (FR/NX),263,0.0171313183949974,~HighDiamond
2022-03-09,Senna/Veigar,1976,0.142919137856213,~HighDiamond
2022-03-09,Pantheon/Yuumi (DE/MT),2440,0.176479097352814,~HighDiamond
2022-03-09,Pyke/Rek'Sai,1581,0.114349775784753,~HighDiamond
2022-03-09,Tri-Beam (NX/PZ),1121,0.0810791262838131,~HighDiamond
2022-03-09,Gnar/Teemo/Tristana (BC/DE),1550,0.112107623318386,~HighDiamond
2022-03-09,Miss Fortune/Quinn,1393,0.100752205988717,~HighDiamond
2022-03-09,Akshan/Sivir (DE/SH),888,0.0642268190365977,~HighDiamond
2022-03-09,Gnar/Trundle (FR/PZ),1055,0.0763055113554173,~HighDiamond
2022-03-09,BandleTree,636,0.0460002893099957,~HighDiamond
2022-03-09,Gnar/Ziggs (BC/NX),669,0.0483870967741936,~HighDiamond
2022-03-09,Fizz/Lulu (BC/PZ),339,0.0245190221322147,~HighDiamond
2022-03-09,Darius/Gnar (FR/NX),178,0.0128742948068856,~HighDiamond
2022-03-10,Senna/Veigar,2042,0.150545561781186,~HighDiamond
2022-03-10,Pantheon/Yuumi (DE/MT),2270,0.167354762606901,~HighDiamond
2022-03-10,Pyke/Rek'Sai,1791,0.132040695959894,~HighDiamond
2022-03-10,Tri-Beam (NX/PZ),1204,0.0887643762901799,~HighDiamond
2022-03-10,Gnar/Teemo/Tristana (BC/DE),1442,0.106310822766146,~HighDiamond
2022-03-10,Miss Fortune/Quinn,1164,0.0858153936891772,~HighDiamond
2022-03-10,Akshan/Sivir (DE/SH),857,0.0631819522264819,~HighDiamond
2022-03-10,Gnar/Trundle (FR/PZ),1064,0.0784429371866706,~HighDiamond
2022-03-10,BandleTree,601,0.0443084635800649,~HighDiamond
2022-03-10,Gnar/Ziggs (BC/NX),628,0.0462990268357417,~HighDiamond
2022-03-10,Fizz/Lulu (BC/PZ),305,0.0224859923326452,~HighDiamond
2022-03-10,Darius/Gnar (FR/NX),196,0.014450014744913,~HighDiamond
2022-03-11,Senna/Veigar,2579,0.173087248322148,~HighDiamond
2022-03-11,Pantheon/Yuumi (DE/MT),2532,0.16993288590604,~HighDiamond
2022-03-11,Pyke/Rek'Sai,1714,0.11503355704698,~HighDiamond
2022-03-11,Tri-Beam (NX/PZ),1223,0.0820805369127517,~HighDiamond
2022-03-11,Gnar/Teemo/Tristana (BC/DE),1503,0.100872483221477,~HighDiamond
2022-03-11,Miss Fortune/Quinn,1152,0.0773154362416107,~HighDiamond
2022-03-11,Akshan/Sivir (DE/SH),828,0.0555704697986577,~HighDiamond
2022-03-11,Gnar/Trundle (FR/PZ),1077,0.0722818791946309,~HighDiamond
2022-03-11,BandleTree,765,0.0513422818791946,~HighDiamond
2022-03-11,Gnar/Ziggs (BC/NX),855,0.0573825503355705,~HighDiamond
2022-03-11,Fizz/Lulu (BC/PZ),477,0.0320134228187919,~HighDiamond
2022-03-11,Darius/Gnar (FR/NX),195,0.0130872483221477,~HighDiamond
2022-03-12,Senna/Veigar,2503,0.165029340014505,~HighDiamond
2022-03-12,Pantheon/Yuumi (DE/MT),2507,0.165293070481967,~HighDiamond
2022-03-12,Pyke/Rek'Sai,1837,0.12111821718204,~HighDiamond
2022-03-12,Tri-Beam (NX/PZ),1393,0.0918441352937298,~HighDiamond
2022-03-12,Gnar/Teemo/Tristana (BC/DE),1305,0.0860420650095602,~HighDiamond
2022-03-12,Miss Fortune/Quinn,1194,0.0787235445374827,~HighDiamond
2022-03-12,Akshan/Sivir (DE/SH),867,0.0571635788224435,~HighDiamond
2022-03-12,Gnar/Trundle (FR/PZ),1016,0.0669875387354124,~HighDiamond
2022-03-12,BandleTree,965,0.0636249752752687,~HighDiamond
2022-03-12,Gnar/Ziggs (BC/NX),915,0.0603283444319905,~HighDiamond
2022-03-12,Fizz/Lulu (BC/PZ),436,0.0287466209533856,~HighDiamond
2022-03-12,Darius/Gnar (FR/NX),229,0.015098569262214,~HighDiamond
2022-03-13,Senna/Veigar,2650,0.160372791091745,~HighDiamond
2022-03-13,Pantheon/Yuumi (DE/MT),2595,0.157044299201162,~HighDiamond
2022-03-13,Pyke/Rek'Sai,1983,0.120007262164125,~HighDiamond
2022-03-13,Tri-Beam (NX/PZ),1971,0.119281045751634,~HighDiamond
2022-03-13,Gnar/Teemo/Tristana (BC/DE),1292,0.0781893004115226,~HighDiamond
2022-03-13,Miss Fortune/Quinn,1619,0.0979786976519003,~HighDiamond
2022-03-13,Akshan/Sivir (DE/SH),896,0.0542241587993222,~HighDiamond
2022-03-13,Gnar/Trundle (FR/PZ),1250,0.0756475429678044,~HighDiamond
2022-03-13,BandleTree,948,0.0573710965867829,~HighDiamond
2022-03-13,Gnar/Ziggs (BC/NX),718,0.0434519486807069,~HighDiamond
2022-03-13,Fizz/Lulu (BC/PZ),353,0.021362866134108,~HighDiamond
2022-03-13,Darius/Gnar (FR/NX),249,0.0150689905591866,~HighDiamond
2022-03-14,Senna/Veigar,2722,0.15904177621969,~HighDiamond
2022-03-14,Pantheon/Yuumi (DE/MT),2496,0.145836985100789,~HighDiamond
2022-03-14,Pyke/Rek'Sai,2191,0.1280163599182,~HighDiamond
2022-03-14,Tri-Beam (NX/PZ),2055,0.120070113935145,~HighDiamond
2022-03-14,Gnar/Teemo/Tristana (BC/DE),1472,0.0860064271107216,~HighDiamond
2022-03-14,Miss Fortune/Quinn,1612,0.0941863862109261,~HighDiamond
2022-03-14,Akshan/Sivir (DE/SH),892,0.0521180251241601,~HighDiamond
2022-03-14,Gnar/Trundle (FR/PZ),1142,0.0667250949459538,~HighDiamond
2022-03-14,BandleTree,840,0.049079754601227,~HighDiamond
2022-03-14,Gnar/Ziggs (BC/NX),883,0.0515921706105755,~HighDiamond
2022-03-14,Fizz/Lulu (BC/PZ),572,0.0334209757522641,~HighDiamond
2022-03-14,Darius/Gnar (FR/NX),238,0.0139059304703477,~HighDiamond
2022-03-15,Senna/Veigar,2844,0.160959873224291,~HighDiamond
2022-03-15,Pantheon/Yuumi (DE/MT),2465,0.139509876054106,~HighDiamond
2022-03-15,Pyke/Rek'Sai,2090,0.118286264078329,~HighDiamond
2022-03-15,Tri-Beam (NX/PZ),1997,0.113022808308337,~HighDiamond
2022-03-15,Gnar/Teemo/Tristana (BC/DE),1572,0.0889693814024563,~HighDiamond
2022-03-15,Miss Fortune/Quinn,1636,0.0925915445129889,~HighDiamond
2022-03-15,Akshan/Sivir (DE/SH),1132,0.0640670100175449,~HighDiamond
2022-03-15,Gnar/Trundle (FR/PZ),1269,0.0718207029260286,~HighDiamond
2022-03-15,BandleTree,842,0.0476540834229441,~HighDiamond
2022-03-15,Gnar/Ziggs (BC/NX),889,0.0503141094572415,~HighDiamond
2022-03-15,Fizz/Lulu (BC/PZ),636,0.0359952459109174,~HighDiamond
2022-03-15,Darius/Gnar (FR/NX),297,0.0168091006848152,~HighDiamond
2022-03-16,Senna/Veigar,2831,0.156876870220548,~HighDiamond
2022-03-16,Pantheon/Yuumi (DE/MT),2687,0.148897262551258,~HighDiamond
2022-03-16,Pyke/Rek'Sai,2004,0.11104954006428,~HighDiamond
2022-03-16,Tri-Beam (NX/PZ),1964,0.108832982378366,~HighDiamond
2022-03-16,Gnar/Teemo/Tristana (BC/DE),1862,0.103180760279286,~HighDiamond
2022-03-16,Miss Fortune/Quinn,1609,0.0891610329158816,~HighDiamond
2022-03-16,Akshan/Sivir (DE/SH),1061,0.0587941926188629,~HighDiamond
2022-03-16,Gnar/Trundle (FR/PZ),1165,0.0645572426022387,~HighDiamond
2022-03-16,BandleTree,905,0.0501496176437992,~HighDiamond
2022-03-16,Gnar/Ziggs (BC/NX),780,0.0432228748753186,~HighDiamond
2022-03-16,Fizz/Lulu (BC/PZ),764,0.0423362518009531,~HighDiamond
2022-03-16,Darius/Gnar (FR/NX),414,0.0229413720492076,~HighDiamond
2022-03-17,Senna/Veigar,2582,0.151882352941176,~HighDiamond
2022-03-17,Pantheon/Yuumi (DE/MT),2413,0.141941176470588,~HighDiamond
2022-03-17,Pyke/Rek'Sai,1939,0.114058823529412,~HighDiamond
2022-03-17,Tri-Beam (NX/PZ),1762,0.103647058823529,~HighDiamond
2022-03-17,Gnar/Teemo/Tristana (BC/DE),1752,0.103058823529412,~HighDiamond
2022-03-17,Miss Fortune/Quinn,1376,0.0809411764705882,~HighDiamond
2022-03-17,Akshan/Sivir (DE/SH),1351,0.0794705882352941,~HighDiamond
2022-03-17,Gnar/Trundle (FR/PZ),1033,0.0607647058823529,~HighDiamond
2022-03-17,BandleTree,731,0.043,~HighDiamond
2022-03-17,Gnar/Ziggs (BC/NX),817,0.0480588235294118,~HighDiamond
2022-03-17,Fizz/Lulu (BC/PZ),780,0.0458823529411765,~HighDiamond
2022-03-17,Darius/Gnar (FR/NX),464,0.0272941176470588,~HighDiamond
2022-03-18,Senna/Veigar,2101,0.163425637834474,~HighDiamond
2022-03-18,Pantheon/Yuumi (DE/MT),1713,0.133245177349098,~HighDiamond
2022-03-18,Pyke/Rek'Sai,1308,0.101742377100187,~HighDiamond
2022-03-18,Tri-Beam (NX/PZ),1351,0.105087118855009,~HighDiamond
2022-03-18,Gnar/Teemo/Tristana (BC/DE),1497,0.116443683883012,~HighDiamond
2022-03-18,Miss Fortune/Quinn,1151,0.0895301804604854,~HighDiamond
2022-03-18,Akshan/Sivir (DE/SH),777,0.0604387056627256,~HighDiamond
2022-03-18,Gnar/Trundle (FR/PZ),744,0.0578718108276291,~HighDiamond
2022-03-18,BandleTree,557,0.0433260734287492,~HighDiamond
2022-03-18,Gnar/Ziggs (BC/NX),771,0.0599719975108899,~HighDiamond
2022-03-18,Fizz/Lulu (BC/PZ),521,0.0405258245177349,~HighDiamond
2022-03-18,Darius/Gnar (FR/NX),365,0.0283914125700062,~HighDiamond
2022-03-19,Senna/Veigar,2260,0.157075340561579,~HighDiamond
2022-03-19,Pantheon/Yuumi (DE/MT),1779,0.123644703919933,~HighDiamond
2022-03-19,Pyke/Rek'Sai,1893,0.131567973311093,~HighDiamond
2022-03-19,Tri-Beam (NX/PZ),1481,0.102932999721991,~HighDiamond
2022-03-19,Gnar/Teemo/Tristana (BC/DE),1301,0.0904225743675285,~HighDiamond
2022-03-19,Miss Fortune/Quinn,1211,0.0841673616902975,~HighDiamond
2022-03-19,Akshan/Sivir (DE/SH),884,0.0614400889630247,~HighDiamond
2022-03-19,Gnar/Trundle (FR/PZ),922,0.0640811787600778,~HighDiamond
2022-03-19,BandleTree,676,0.046983597442313,~HighDiamond
2022-03-19,Gnar/Ziggs (BC/NX),756,0.0525437864887406,~HighDiamond
2022-03-19,Fizz/Lulu (BC/PZ),497,0.0345426744509313,~HighDiamond
2022-03-19,Darius/Gnar (FR/NX),728,0.050597720322491,~HighDiamond
2022-03-20,Senna/Veigar,2659,0.154917268701934,~HighDiamond
2022-03-20,Pantheon/Yuumi (DE/MT),2180,0.127010020974132,~HighDiamond
2022-03-20,Pyke/Rek'Sai,2161,0.125903052901422,~HighDiamond
2022-03-20,Tri-Beam (NX/PZ),1656,0.0964810067583314,~HighDiamond
2022-03-20,Gnar/Teemo/Tristana (BC/DE),1708,0.099510603588907,~HighDiamond
2022-03-20,Miss Fortune/Quinn,1723,0.100384525751573,~HighDiamond
2022-03-20,Akshan/Sivir (DE/SH),1106,0.0644371941272431,~HighDiamond
2022-03-20,Gnar/Trundle (FR/PZ),1042,0.0607084595665346,~HighDiamond
2022-03-20,BandleTree,788,0.0459100442787229,~HighDiamond
2022-03-20,Gnar/Ziggs (BC/NX),718,0.041831740852948,~HighDiamond
2022-03-20,Fizz/Lulu (BC/PZ),629,0.0366464693544628,~HighDiamond
2022-03-20,Darius/Gnar (FR/NX),794,0.0462596131437893,~HighDiamond
2022-03-21,Senna/Veigar,2835,0.151839751486262,~HighDiamond
2022-03-21,Pantheon/Yuumi (DE/MT),2451,0.131273097316694,~HighDiamond
2022-03-21,Pyke/Rek'Sai,2185,0.11702640458465,~HighDiamond
2022-03-21,Tri-Beam (NX/PZ),1532,0.0820523806973381,~HighDiamond
2022-03-21,Gnar/Teemo/Tristana (BC/DE),1584,0.0848374484494671,~HighDiamond
2022-03-21,Miss Fortune/Quinn,1918,0.102726152857372,~HighDiamond
2022-03-21,Akshan/Sivir (DE/SH),1083,0.0580043918376091,~HighDiamond
2022-03-21,Gnar/Trundle (FR/PZ),1212,0.0649135022226983,~HighDiamond
2022-03-21,BandleTree,1027,0.0550050881045472,~HighDiamond
2022-03-21,Gnar/Ziggs (BC/NX),962,0.051523753414386,~HighDiamond
2022-03-21,Fizz/Lulu (BC/PZ),1058,0.0566654169567779,~HighDiamond
2022-03-21,Darius/Gnar (FR/NX),824,0.0441326120721975,~HighDiamond
2022-03-22,Senna/Veigar,3153,0.172041250613848,~HighDiamond
2022-03-22,Pantheon/Yuumi (DE/MT),2321,0.126643749658973,~HighDiamond
2022-03-22,Pyke/Rek'Sai,2237,0.12206034812026,~HighDiamond
2022-03-22,Tri-Beam (NX/PZ),1524,0.0831559993452284,~HighDiamond
2022-03-22,Gnar/Teemo/Tristana (BC/DE),1548,0.0844655426420036,~HighDiamond
2022-03-22,Miss Fortune/Quinn,1687,0.0920499809024936,~HighDiamond
2022-03-22,Akshan/Sivir (DE/SH),1098,0.0599116058274677,~HighDiamond
2022-03-22,Gnar/Trundle (FR/PZ),1027,0.0560375402411742,~HighDiamond
2022-03-22,BandleTree,1009,0.0550553827685928,~HighDiamond
2022-03-22,Gnar/Ziggs (BC/NX),792,0.0432149287935832,~HighDiamond
2022-03-22,Fizz/Lulu (BC/PZ),1159,0.0632400283734381,~HighDiamond
2022-03-22,Darius/Gnar (FR/NX),772,0.0421236427129372,~HighDiamond
2022-03-23,Senna/Veigar,3570,0.170072888380735,~HighDiamond
2022-03-23,Pantheon/Yuumi (DE/MT),2740,0.130532132818827,~HighDiamond
2022-03-23,Pyke/Rek'Sai,2390,0.113858320232481,~HighDiamond
2022-03-23,Tri-Beam (NX/PZ),1972,0.0939450240579296,~HighDiamond
2022-03-23,Gnar/Teemo/Tristana (BC/DE),1912,0.0910866561859845,~HighDiamond
2022-03-23,Miss Fortune/Quinn,1878,0.0894669143918822,~HighDiamond
2022-03-23,Akshan/Sivir (DE/SH),1739,0.0828450288218761,~HighDiamond
2022-03-23,Gnar/Trundle (FR/PZ),1014,0.0483064170358725,~HighDiamond
2022-03-23,BandleTree,1211,0.057691391548759,~HighDiamond
2022-03-23,Gnar/Ziggs (BC/NX),932,0.0443999809442142,~HighDiamond
2022-03-23,Fizz/Lulu (BC/PZ),835,0.0397789528845696,~HighDiamond
2022-03-23,Darius/Gnar (FR/NX),798,0.0380162926968701,~HighDiamond
